epoch,time,train/box_loss,train/cls_loss,train/dfl_loss,metrics/precision(B),metrics/recall(B),metrics/precision@0.4(B),metrics/recall@0.4(B),metrics/mAP50(B),metrics/mAP50-95(B),val/box_loss,val/cls_loss,val/dfl_loss,best_epoch,lr/pg0,lr/pg1,lr/pg2
1,25.5351,6.50517,5.1452,4.00922,0,0,0,0,0,0,6.74694,4.82798,3.98802,1,0.000324561,0.000324561,0.000324561
2,47.0314,5.34721,3.83315,3.34022,0,0,0,0,0,0,6.50664,4.10334,3.43446,2,0.000657081,0.000657081,0.000657081
3,97.7253,3.16957,2.4464,2.11916,0.03457,0.04846,0.8,0,0.02004,0.01241,2.96806,3.32737,2.00675,3,0.000988775,0.000988775,0.000988775
4,120.453,2.68156,2.21287,1.86136,0.44536,0.27279,0.80729,0.0964,0.25908,0.14253,2.08559,2.04615,1.55345,4,0.000996287,0.000996287,0.000996287
5,153.731,2.37861,2.07433,1.6606,0.25774,0.38848,0.73018,0.12343,0.26482,0.14908,1.90231,1.89092,1.45158,5,0.00099505,0.00099505,0.00099505
6,175.781,2.22196,1.92364,1.54216,0.17538,0.36222,0.77182,0.07688,0.19019,0.11767,1.8458,2.09275,1.47767,5,0.000993812,0.000993812,0.000993812
7,197.701,1.82559,1.73629,1.42427,0.31203,0.41147,0.75392,0.13487,0.31001,0.20553,1.66737,1.75929,1.3456,7,0.000992575,0.000992575,0.000992575
8,219.265,1.92657,1.81158,1.38201,0.37001,0.45188,0.67138,0.28704,0.36575,0.24886,1.51231,1.57655,1.25266,8,0.000991338,0.000991338,0.000991338
9,270.989,1.79037,1.70852,1.32124,0.3917,0.45518,0.81426,0.1847,0.3999,0.24612,1.73846,1.54853,1.34839,8,0.0009901,0.0009901,0.0009901
10,310.638,1.67298,1.55354,1.285,0.39512,0.54015,0.63062,0.33891,0.43608,0.2842,1.5819,1.53044,1.26014,10,0.000988863,0.000988863,0.000988863
11,358.44,1.71237,1.56834,1.2839,0.42311,0.52163,0.76004,0.31617,0.45111,0.30616,1.37351,1.42047,1.18091,11,0.000987625,0.000987625,0.000987625
12,380.581,1.55623,1.4926,1.21184,0.47487,0.56581,0.74893,0.33759,0.5027,0.34718,1.28208,1.33124,1.15958,12,0.000986387,0.000986387,0.000986387
13,402.488,1.45034,1.39354,1.18186,0.44049,0.5501,0.7118,0.25266,0.43757,0.29764,1.30099,1.34329,1.16393,12,0.00098515,0.00098515,0.00098515
14,423.79,1.52298,1.42585,1.19609,0.52325,0.55202,0.73631,0.3164,0.49764,0.34206,1.32405,1.33795,1.14518,12,0.000983912,0.000983912,0.000983912
15,445.555,1.52104,1.45047,1.20688,0.50032,0.56958,0.72986,0.36279,0.51498,0.35368,1.25608,1.28504,1.11232,15,0.000982675,0.000982675,0.000982675
16,467.491,1.45589,1.39072,1.18647,0.49624,0.55585,0.73807,0.26394,0.48078,0.32398,1.27909,1.33344,1.12967,15,0.000981437,0.000981437,0.000981437
17,524.95,1.47269,1.37265,1.13822,0.54594,0.55631,0.64323,0.44935,0.53202,0.33525,1.31731,1.28633,1.13129,15,0.0009802,0.0009802,0.0009802
18,546.52,1.55675,1.45571,1.19086,0.47394,0.60033,0.76645,0.3789,0.53823,0.34179,1.32301,1.25798,1.10377,15,0.000978963,0.000978963,0.000978963
19,568.432,1.44867,1.38682,1.15294,0.51013,0.55299,0.63355,0.43083,0.52455,0.35621,1.206,1.3012,1.06807,19,0.000977725,0.000977725,0.000977725
20,590.008,1.41774,1.34733,1.13123,0.54171,0.6043,0.70078,0.40736,0.55155,0.37947,1.23216,1.22182,1.09145,20,0.000976488,0.000976488,0.000976488
21,611.723,1.44732,1.3314,1.11575,0.55529,0.59619,0.80288,0.31541,0.55679,0.39344,1.15588,1.19354,1.08406,21,0.00097525,0.00097525,0.00097525
22,633.627,1.43765,1.37748,1.12847,0.58063,0.58518,0.77351,0.38952,0.57501,0.40025,1.22237,1.17743,1.08194,22,0.000974013,0.000974013,0.000974013
23,655.378,1.38234,1.37897,1.10452,0.55431,0.58586,0.76087,0.35598,0.56659,0.40338,1.14517,1.19428,1.05701,23,0.000972775,0.000972775,0.000972775
24,677.262,1.37216,1.26701,1.09688,0.56086,0.61773,0.78526,0.38683,0.59202,0.41801,1.17021,1.15981,1.04487,24,0.000971537,0.000971537,0.000971537
25,699.36,1.34227,1.22789,1.06729,0.51745,0.60564,0.66357,0.39632,0.54533,0.37714,1.18096,1.19348,1.04736,24,0.0009703,0.0009703,0.0009703
26,733.897,1.34811,1.25474,1.07519,0.56682,0.61544,0.7386,0.38394,0.57252,0.41061,1.12014,1.14298,1.04078,24,0.000969063,0.000969063,0.000969063
27,772.641,1.39638,1.29293,1.09307,0.5836,0.60054,0.81334,0.34482,0.58713,0.40595,1.26385,1.17094,1.0757,24,0.000967825,0.000967825,0.000967825
28,794.232,1.34571,1.23373,1.08179,0.5491,0.59387,0.72684,0.36977,0.55144,0.38014,1.20068,1.19234,1.05439,24,0.000966588,0.000966588,0.000966588
29,815.529,1.35047,1.25608,1.079,0.5149,0.60309,0.68747,0.40155,0.54393,0.38725,1.11164,1.13618,1.0232,24,0.00096535,0.00096535,0.00096535
30,850.755,1.29417,1.23902,1.04972,0.5893,0.61508,0.75073,0.45565,0.60639,0.44341,1.11404,1.11288,1.03867,30,0.000964113,0.000964113,0.000964113
31,872.786,1.23743,1.18024,1.03077,0.61133,0.61923,0.77351,0.42983,0.61972,0.45142,1.07702,1.06188,1.01367,31,0.000962875,0.000962875,0.000962875
32,894.421,1.30929,1.23067,1.04969,0.51882,0.6442,0.65193,0.45272,0.56847,0.41369,1.07682,1.1142,1.00817,31,0.000961638,0.000961638,0.000961638
33,942.293,1.3182,1.19841,1.05741,0.58937,0.59921,0.70344,0.46515,0.58142,0.412,1.09374,1.08845,1.00857,31,0.0009604,0.0009604,0.0009604
34,963.805,1.28298,1.19813,1.03855,0.61502,0.61473,0.72642,0.49669,0.61368,0.45032,1.05061,1.07031,1.00516,31,0.000959163,0.000959163,0.000959163
35,995.988,1.31737,1.17054,1.0345,0.6329,0.63209,0.81555,0.42665,0.64708,0.47441,1.09389,1.05603,1.0184,35,0.000957925,0.000957925,0.000957925
36,1017.96,1.26449,1.13594,1.02437,0.64053,0.63962,0.72512,0.54518,0.66243,0.48033,1.10592,1.05544,1.01196,36,0.000956688,0.000956688,0.000956688
37,1039.93,1.25663,1.19072,1.04836,0.63196,0.6284,0.75807,0.48628,0.63387,0.46708,1.03277,1.04846,1.00122,36,0.00095545,0.00095545,0.00095545
38,1074.1,1.25088,1.15638,1.03295,0.5965,0.5903,0.7567,0.40637,0.58495,0.42391,1.05051,1.12939,0.99282,36,0.000954213,0.000954213,0.000954213
39,1095.63,1.26618,1.16971,1.04455,0.56949,0.63201,0.69645,0.48087,0.60164,0.44329,1.03564,1.05746,0.98803,36,0.000952975,0.000952975,0.000952975
40,1117.18,1.2473,1.16629,1.03663,0.58462,0.61203,0.72744,0.43925,0.59022,0.42825,1.07582,1.0619,1.0014,36,0.000951738,0.000951738,0.000951738
41,1138.55,1.22694,1.11899,1.00858,0.61783,0.61347,0.74126,0.46282,0.61243,0.44752,1.03948,1.0477,0.989,36,0.0009505,0.0009505,0.0009505
42,1160.11,1.18187,1.07873,0.99022,0.59854,0.61383,0.70103,0.49512,0.612,0.44833,1.0664,1.03768,0.99749,36,0.000949263,0.000949263,0.000949263
43,1181.89,1.22509,1.13258,1.00784,0.59647,0.63143,0.7131,0.51582,0.61843,0.45611,1.07046,1.02906,0.98992,36,0.000948025,0.000948025,0.000948025
44,1231.5,1.22317,1.12937,0.99495,0.61394,0.63063,0.6936,0.53197,0.6262,0.46371,1.00883,0.99382,0.97863,36,0.000946787,0.000946787,0.000946787
45,1266.55,1.17488,1.12793,0.99605,0.63604,0.64581,0.71407,0.56269,0.64069,0.47067,1.0475,0.99197,0.98795,36,0.00094555,0.00094555,0.00094555
46,1288.39,1.16984,1.09911,0.99025,0.64472,0.61421,0.78796,0.45667,0.63403,0.4683,1.03416,1.07562,0.97951,36,0.000944313,0.000944313,0.000944313
47,1324.6,1.20562,1.13661,0.98994,0.59841,0.5762,0.69463,0.4526,0.58114,0.41259,1.07072,1.05645,0.99432,36,0.000943075,0.000943075,0.000943075
48,1346.06,1.22789,1.14002,1.03797,0.66007,0.63164,0.72514,0.57608,0.66589,0.49284,1.04547,1.00494,0.97949,48,0.000941838,0.000941838,0.000941838
49,1368.09,1.09659,1.0976,0.98697,0.62508,0.66743,0.78988,0.49359,0.66131,0.47988,1.09279,0.9931,0.99911,48,0.0009406,0.0009406,0.0009406
50,1411.95,1.13343,1.06853,0.98,0.61599,0.65949,0.69207,0.59533,0.67605,0.51151,1.01168,0.96646,0.98323,50,0.000939362,0.000939362,0.000939362
51,1433.82,1.16561,1.09964,0.99397,0.6198,0.62351,0.82748,0.39167,0.61613,0.4353,1.0971,1.03264,0.996,50,0.000938125,0.000938125,0.000938125
52,1455.56,1.15391,1.10321,0.99234,0.62359,0.63628,0.7057,0.53365,0.62061,0.44166,1.12089,1.03765,1.00625,50,0.000936888,0.000936888,0.000936888
53,1476.99,1.19717,1.12472,1.00511,0.62904,0.60592,0.78314,0.42241,0.61097,0.45252,1.01026,1.03175,0.97486,50,0.00093565,0.00093565,0.00093565
54,1498.69,1.12514,1.08577,0.97752,0.65127,0.62606,0.76132,0.50198,0.63652,0.47134,0.9981,0.99693,0.9661,50,0.000934412,0.000934412,0.000934412
55,1520.41,1.10509,1.05384,0.971,0.6254,0.67549,0.79755,0.47835,0.66514,0.50493,1.01803,0.99444,0.97409,50,0.000933175,0.000933175,0.000933175
56,1555.98,1.13062,1.07225,0.97466,0.64381,0.64543,0.74254,0.51678,0.65147,0.47905,1.00559,0.99016,0.97318,50,0.000931938,0.000931938,0.000931938
57,1577.48,1.19992,1.05349,0.98126,0.65401,0.6445,0.70906,0.58417,0.66409,0.48431,1.04733,0.9814,0.97579,50,0.0009307,0.0009307,0.0009307
58,1599.13,1.18099,1.09482,0.98704,0.66819,0.62113,0.78086,0.4819,0.65654,0.49578,0.96186,0.98509,0.95295,50,0.000929462,0.000929462,0.000929462
59,1620.48,1.14187,1.069,0.99473,0.58745,0.62659,0.74455,0.44983,0.6032,0.44899,0.98502,1.04806,0.96441,50,0.000928225,0.000928225,0.000928225
60,1671.18,1.09198,1.03439,0.96749,0.67858,0.64561,0.73189,0.5836,0.67037,0.50985,0.95222,0.97655,0.95286,50,0.000926987,0.000926987,0.000926987
61,1692.77,1.10083,1.07462,0.95947,0.63581,0.6301,0.67194,0.59364,0.64432,0.48388,0.97557,0.96343,0.95677,50,0.00092575,0.00092575,0.00092575
62,1714.05,1.10255,1.08533,0.96655,0.68116,0.66473,0.77587,0.54245,0.67618,0.51467,0.94145,0.93633,0.95467,62,0.000924513,0.000924513,0.000924513
63,1735.86,1.13639,1.05601,0.97533,0.67772,0.67101,0.73183,0.61709,0.69391,0.52358,0.96617,0.94185,0.96593,63,0.000923275,0.000923275,0.000923275
64,1773.04,1.12173,1.04827,0.97791,0.66029,0.64346,0.72122,0.57511,0.66024,0.48704,0.99913,0.95928,0.96342,63,0.000922038,0.000922038,0.000922038
65,1820.5,1.07444,1.02739,0.97608,0.67909,0.66989,0.72589,0.61888,0.69024,0.52624,0.95996,0.92328,0.95225,65,0.0009208,0.0009208,0.0009208
66,1842.31,1.07497,1.07006,0.97494,0.61059,0.66167,0.74495,0.53328,0.63525,0.48154,0.95105,0.92555,0.95204,65,0.000919562,0.000919562,0.000919562
67,1863.9,1.10577,1.03958,0.97468,0.68586,0.6804,0.74818,0.60751,0.70385,0.53714,0.96531,0.93837,0.95299,67,0.000918325,0.000918325,0.000918325
68,1885.26,1.03997,1.0208,0.96283,0.66114,0.65723,0.71568,0.60516,0.68001,0.51964,0.94144,0.92631,0.952,67,0.000917088,0.000917088,0.000917088
69,1906.89,1.07292,1.02921,0.97001,0.62387,0.65563,0.73717,0.50977,0.6414,0.47969,0.98352,0.94533,0.95842,67,0.00091585,0.00091585,0.00091585
70,1942.65,1.10381,1.04674,0.98793,0.66783,0.63076,0.75682,0.52454,0.64762,0.48981,0.93114,0.95539,0.94929,67,0.000914613,0.000914613,0.000914613
71,1986.12,1.07275,1.06173,0.95858,0.58807,0.64015,0.69127,0.53539,0.61278,0.4582,0.96143,0.97491,0.95374,67,0.000913375,0.000913375,0.000913375
72,2007.61,1.10594,1.07422,0.95138,0.65979,0.68226,0.77122,0.5538,0.68951,0.52886,0.93565,0.90642,0.94227,67,0.000912138,0.000912138,0.000912138
73,2040.71,1.07884,1.03909,0.96767,0.67883,0.67387,0.77073,0.54874,0.69659,0.53347,0.93794,0.91407,0.94968,67,0.0009109,0.0009109,0.0009109
74,2074.26,1.0713,0.9949,0.94349,0.68193,0.66731,0.76918,0.56618,0.68781,0.51945,0.97971,0.92401,0.95448,67,0.000909662,0.000909662,0.000909662
75,2095.8,1.04006,0.96133,0.9525,0.66296,0.66359,0.75564,0.53428,0.67313,0.51388,0.92127,0.91429,0.9419,67,0.000908425,0.000908425,0.000908425
76,2117.52,1.07195,0.97551,0.96891,0.70794,0.66165,0.75913,0.60049,0.70442,0.52824,1.00343,0.89708,0.96678,67,0.000907188,0.000907188,0.000907188
77,2188.25,1.07891,0.99683,0.95837,0.66819,0.67062,0.79846,0.52244,0.68529,0.53351,0.90152,0.90664,0.93574,67,0.00090595,0.00090595,0.00090595
78,2224.8,1.06624,0.99734,0.95937,0.66303,0.68047,0.69175,0.64551,0.7053,0.54489,0.90892,0.89224,0.93982,78,0.000904713,0.000904713,0.000904713
79,2259.6,1.05685,1.00005,0.95922,0.67851,0.68653,0.80326,0.51415,0.69953,0.53001,0.9797,0.94715,0.95698,78,0.000903475,0.000903475,0.000903475
80,2280.92,1.01383,0.94101,0.94103,0.68389,0.65982,0.74028,0.59552,0.68634,0.51971,0.93705,0.92544,0.94734,78,0.000902238,0.000902238,0.000902238
81,2302.56,1.00004,0.96517,0.94283,0.65213,0.64889,0.72777,0.5784,0.66959,0.49287,1.01612,0.91309,0.95891,78,0.000901,0.000901,0.000901
82,2324.04,1.07617,1.00135,0.96975,0.68359,0.6461,0.75949,0.57213,0.66593,0.50601,0.92963,0.91974,0.93964,78,0.000899762,0.000899762,0.000899762
83,2345.19,1.08585,1.03386,0.95974,0.63462,0.70868,0.74988,0.59755,0.71674,0.54338,0.95977,0.93215,0.94838,78,0.000898525,0.000898525,0.000898525
84,2443.07,1.07019,1.01709,0.95954,0.69179,0.66141,0.74599,0.59839,0.6902,0.5339,0.91851,0.89457,0.94331,78,0.000897288,0.000897288,0.000897288
85,2478.05,1.06629,0.95327,0.96369,0.72353,0.68697,0.78516,0.61937,0.72436,0.56028,0.94876,0.87882,0.94753,85,0.00089605,0.00089605,0.00089605
86,2512.06,1.0184,0.95029,0.94572,0.69726,0.67061,0.78767,0.55651,0.69861,0.53888,0.94831,0.91779,0.94767,85,0.000894812,0.000894812,0.000894812
87,2533.5,1.0495,0.9249,0.94557,0.68489,0.66885,0.7427,0.61189,0.70894,0.53588,0.93286,0.87816,0.94209,85,0.000893575,0.000893575,0.000893575
88,2554.98,1.02992,0.96762,0.96193,0.68924,0.67389,0.73758,0.62061,0.70729,0.53648,0.9751,0.88923,0.94843,85,0.000892338,0.000892338,0.000892338
89,2591.03,1.01211,0.95446,0.94452,0.71154,0.68906,0.77467,0.59623,0.70068,0.54454,0.9118,0.90037,0.93689,85,0.0008911,0.0008911,0.0008911
90,2631.19,0.98485,0.94833,0.93226,0.70239,0.67193,0.73733,0.63877,0.72508,0.56025,0.87786,0.86123,0.93101,85,0.000889863,0.000889863,0.000889863
91,2652.97,1.00649,0.94712,0.93889,0.69217,0.69257,0.75362,0.61806,0.71299,0.55002,0.93544,0.86924,0.94336,85,0.000888625,0.000888625,0.000888625
92,2674.37,1.05068,1.01656,0.97279,0.72205,0.66282,0.73056,0.65645,0.7141,0.53563,0.98774,0.89819,0.95215,85,0.000887387,0.000887387,0.000887387
93,2696.01,1.05005,0.99729,0.953,0.6804,0.67468,0.77726,0.56287,0.68361,0.52005,0.91315,0.88151,0.93498,85,0.00088615,0.00088615,0.00088615
94,2717.64,1.06917,0.96562,0.94987,0.68923,0.67904,0.76401,0.6146,0.71023,0.54905,0.90076,0.87567,0.93594,85,0.000884913,0.000884913,0.000884913
95,2738.9,0.99221,0.93091,0.951,0.68361,0.69595,0.75178,0.62566,0.72406,0.56223,0.90237,0.86009,0.93437,95,0.000883675,0.000883675,0.000883675
96,2760.58,1.0462,0.92535,0.95001,0.69959,0.68299,0.80199,0.56865,0.7127,0.55147,0.91692,0.88849,0.93786,95,0.000882437,0.000882437,0.000882437
97,2782.34,0.99406,0.92136,0.92806,0.68805,0.67587,0.77153,0.56426,0.69077,0.54248,0.88761,0.896,0.92951,95,0.0008812,0.0008812,0.0008812
98,2803.52,1.02714,0.92976,0.93629,0.71998,0.65088,0.77258,0.6008,0.7059,0.54179,0.89754,0.87475,0.92799,95,0.000879963,0.000879963,0.000879963
99,2838.36,1.04371,0.9803,0.95491,0.71937,0.64202,0.75624,0.60847,0.70268,0.54508,0.92215,0.87348,0.94331,95,0.000878725,0.000878725,0.000878725
100,2859.99,0.98459,0.94745,0.93601,0.70759,0.6501,0.75596,0.60136,0.68649,0.52598,0.89428,0.89081,0.92932,95,0.000877487,0.000877487,0.000877487
101,2897.61,0.99661,0.91227,0.92373,0.69545,0.67926,0.77955,0.58991,0.71441,0.55437,0.90636,0.89414,0.93511,95,0.00087625,0.00087625,0.00087625
102,2918.96,0.96979,0.92413,0.93612,0.73438,0.65563,0.76733,0.61617,0.70331,0.54681,0.90397,0.87503,0.93268,95,0.000875013,0.000875013,0.000875013
103,2940.58,1.0328,0.95552,0.94569,0.66158,0.66669,0.74679,0.5772,0.67993,0.51865,0.90656,0.89982,0.93222,95,0.000873775,0.000873775,0.000873775
104,2961.86,0.99467,0.95199,0.9349,0.70485,0.64524,0.76387,0.58128,0.67939,0.52816,0.8942,0.88248,0.92878,95,0.000872538,0.000872538,0.000872538
105,2983.41,1.03461,0.9491,0.93642,0.67663,0.69462,0.76002,0.60693,0.70869,0.55024,0.93752,0.86292,0.94144,95,0.0008713,0.0008713,0.0008713
106,3058.51,0.96257,0.91642,0.93414,0.66799,0.66331,0.71658,0.62684,0.6969,0.54298,0.86699,0.85682,0.92606,95,0.000870063,0.000870063,0.000870063
107,3079.84,0.98819,0.96881,0.93614,0.72059,0.64285,0.77966,0.58206,0.68669,0.52628,0.92905,0.90612,0.94086,95,0.000868825,0.000868825,0.000868825
108,3101.47,0.98444,0.93335,0.93176,0.70074,0.65833,0.77612,0.58102,0.70333,0.54123,0.91246,0.89956,0.93332,95,0.000867588,0.000867588,0.000867588
109,3123.12,0.98531,0.93266,0.93231,0.72159,0.67313,0.79341,0.60111,0.72913,0.58134,0.85206,0.86161,0.91985,109,0.00086635,0.00086635,0.00086635
110,3158.88,1.00728,0.94122,0.93696,0.68753,0.71804,0.7263,0.66882,0.73791,0.5782,0.89598,0.86945,0.93179,109,0.000865113,0.000865113,0.000865113
111,3180.38,0.97106,0.92147,0.92446,0.69517,0.63791,0.79783,0.52774,0.68281,0.53205,0.87926,0.89437,0.92558,109,0.000863875,0.000863875,0.000863875
112,3202.08,0.97185,0.93484,0.92252,0.69317,0.69467,0.72731,0.66248,0.73318,0.57931,0.88033,0.8533,0.92762,109,0.000862637,0.000862637,0.000862637
113,3223.22,0.92817,0.89774,0.92228,0.71735,0.67748,0.74711,0.65484,0.7301,0.57348,0.91125,0.84857,0.9325,109,0.0008614,0.0008614,0.0008614
114,3272.58,0.92779,0.87807,0.90139,0.68728,0.68552,0.77693,0.59553,0.70657,0.54828,0.91687,0.88053,0.93383,109,0.000860163,0.000860163,0.000860163
115,3294.29,0.95759,0.92387,0.91766,0.71254,0.69402,0.77974,0.61998,0.72512,0.5667,0.86557,0.84401,0.92485,109,0.000858925,0.000858925,0.000858925
116,3349.14,0.9675,0.90391,0.93881,0.6776,0.64828,0.75349,0.57491,0.68262,0.53201,0.85318,0.86664,0.91855,109,0.000857687,0.000857687,0.000857687
117,3382.82,0.96777,0.91033,0.92826,0.67532,0.68532,0.76878,0.58343,0.69904,0.54882,0.87657,0.86049,0.92272,109,0.00085645,0.00085645,0.00085645
118,3421.43,0.9827,0.93429,0.92786,0.64237,0.67231,0.74677,0.56045,0.66582,0.508,0.9181,0.90777,0.9329,109,0.000855213,0.000855213,0.000855213
119,3478.4,1.04407,0.94811,0.95405,0.72564,0.67309,0.75858,0.63546,0.72173,0.55319,0.91546,0.86671,0.93129,109,0.000853975,0.000853975,0.000853975
120,3499.92,0.95101,0.89137,0.91535,0.70497,0.65844,0.74928,0.60765,0.69172,0.53629,0.88141,0.85584,0.92779,109,0.000852738,0.000852738,0.000852738
121,3521.61,0.95664,0.90374,0.92382,0.72353,0.67812,0.77833,0.60561,0.71405,0.55454,0.89506,0.84221,0.92983,109,0.0008515,0.0008515,0.0008515
122,3567.26,0.96937,0.88779,0.92904,0.69266,0.69177,0.74521,0.64096,0.73377,0.57908,0.87291,0.83319,0.91995,109,0.000850263,0.000850263,0.000850263
123,3588.7,0.99279,0.91595,0.93377,0.70592,0.69624,0.77981,0.61463,0.72965,0.57514,0.86705,0.82224,0.92131,109,0.000849025,0.000849025,0.000849025
124,3610.32,0.94395,0.89547,0.91657,0.68757,0.69545,0.77523,0.60763,0.70884,0.55627,0.85466,0.83555,0.91849,109,0.000847787,0.000847787,0.000847787
125,3643.93,0.96875,0.87806,0.93203,0.73963,0.65271,0.78208,0.62152,0.71167,0.55957,0.88622,0.84328,0.92844,109,0.00084655,0.00084655,0.00084655
126,3665.43,0.94009,0.87534,0.92293,0.70177,0.67496,0.73817,0.64048,0.72219,0.57279,0.84633,0.83631,0.91719,109,0.000845313,0.000845313,0.000845313
127,3687.08,0.94431,0.89598,0.92484,0.71355,0.70433,0.71959,0.7002,0.74885,0.59041,0.84862,0.81344,0.91628,127,0.000844075,0.000844075,0.000844075
128,3720.73,1.00504,0.88871,0.93126,0.70939,0.70792,0.74463,0.66727,0.73202,0.56281,0.95289,0.87324,0.9367,127,0.000842837,0.000842837,0.000842837
129,3742.28,0.93458,0.86933,0.90898,0.69971,0.67906,0.74527,0.62949,0.70576,0.55294,0.88299,0.85473,0.92806,127,0.0008416,0.0008416,0.0008416
130,3763.91,0.96757,0.87383,0.93117,0.72535,0.68102,0.80651,0.57065,0.71833,0.55931,0.87469,0.84902,0.92539,127,0.000840363,0.000840363,0.000840363
131,3823.49,1.01097,0.91084,0.94048,0.72267,0.70642,0.78123,0.64404,0.74471,0.57334,0.90465,0.83988,0.92738,127,0.000839125,0.000839125,0.000839125
132,3859.64,0.96838,0.9,0.93772,0.72156,0.67862,0.76931,0.62819,0.72286,0.57225,0.84095,0.84017,0.91675,127,0.000837887,0.000837887,0.000837887
133,3881.43,0.98831,0.91609,0.93742,0.70022,0.65161,0.74525,0.60025,0.67376,0.52445,0.88368,0.88866,0.92563,127,0.00083665,0.00083665,0.00083665
134,3902.58,0.95311,0.89962,0.92769,0.73593,0.71139,0.77324,0.6585,0.75122,0.59879,0.86039,0.83547,0.91813,134,0.000835413,0.000835413,0.000835413
135,3924.53,0.98533,0.91701,0.92833,0.7115,0.68079,0.76613,0.61702,0.71193,0.55661,0.88578,0.83675,0.92448,134,0.000834175,0.000834175,0.000834175
136,3946.2,0.96073,0.93423,0.93472,0.73445,0.69961,0.7789,0.65955,0.7579,0.59892,0.85173,0.82356,0.91863,136,0.000832938,0.000832938,0.000832938
137,3967.9,0.9438,0.8849,0.92022,0.72222,0.70076,0.77919,0.64522,0.74736,0.58554,0.87449,0.8165,0.92386,136,0.0008317,0.0008317,0.0008317
138,3989.46,0.92374,0.85401,0.92627,0.70385,0.70108,0.78027,0.61575,0.72358,0.5662,0.86611,0.83364,0.91992,136,0.000830462,0.000830462,0.000830462
139,4011.12,0.9358,0.87058,0.91123,0.70083,0.67299,0.73926,0.62697,0.70823,0.56127,0.83881,0.83902,0.91413,136,0.000829225,0.000829225,0.000829225
140,4044.39,0.91994,0.86308,0.9214,0.72747,0.68013,0.78259,0.61319,0.7258,0.57379,0.86912,0.83082,0.92113,136,0.000827988,0.000827988,0.000827988
141,4065.9,0.9297,0.86164,0.91359,0.71126,0.69447,0.78632,0.61617,0.72854,0.57644,0.83578,0.8078,0.91464,136,0.00082675,0.00082675,0.00082675
142,4124.66,0.8908,0.84665,0.90476,0.71993,0.66846,0.75931,0.62349,0.71576,0.57107,0.86168,0.83778,0.92234,136,0.000825512,0.000825512,0.000825512
143,4145.75,0.93202,0.88982,0.92701,0.715,0.70757,0.76014,0.65917,0.74931,0.59544,0.8632,0.8328,0.91846,136,0.000824275,0.000824275,0.000824275
144,4167.51,0.93376,0.89307,0.92447,0.70905,0.70719,0.77062,0.64779,0.74689,0.58944,0.86364,0.83272,0.91889,136,0.000823038,0.000823038,0.000823038
145,4189.31,0.92087,0.88236,0.91896,0.72306,0.72041,0.7344,0.70591,0.75549,0.59733,0.84405,0.80191,0.9141,136,0.0008218,0.0008218,0.0008218
146,4210.93,0.94851,0.88223,0.90251,0.70886,0.68867,0.76712,0.6294,0.72731,0.57683,0.8283,0.81699,0.91335,136,0.000820563,0.000820563,0.000820563
147,4243.23,0.91589,0.88646,0.90642,0.69783,0.67472,0.75792,0.61154,0.70455,0.56047,0.82777,0.82874,0.91414,136,0.000819325,0.000819325,0.000819325
148,4265,0.93447,0.86675,0.92175,0.74905,0.6833,0.77687,0.66379,0.74482,0.59536,0.83635,0.79234,0.9128,136,0.000818088,0.000818088,0.000818088
149,4286.23,0.93734,0.86063,0.92167,0.71163,0.71091,0.80903,0.59994,0.73945,0.59812,0.81824,0.83186,0.91182,136,0.00081685,0.00081685,0.00081685
150,4323.86,0.93883,0.86053,0.9171,0.72047,0.69122,0.79603,0.6044,0.73524,0.58476,0.87484,0.82778,0.92231,136,0.000815613,0.000815613,0.000815613
151,4345.63,0.94834,0.91858,0.92825,0.68629,0.73094,0.74372,0.66964,0.75331,0.59852,0.83965,0.81778,0.91553,136,0.000814375,0.000814375,0.000814375
152,4366.77,0.90014,0.86463,0.90873,0.71098,0.69658,0.76756,0.63287,0.73504,0.58306,0.8699,0.82147,0.92156,136,0.000813138,0.000813138,0.000813138
153,4388.23,0.90858,0.86366,0.91749,0.7568,0.67514,0.7696,0.66922,0.7403,0.58701,0.8438,0.80533,0.911,136,0.0008119,0.0008119,0.0008119
154,4409.87,0.9014,0.8281,0.90527,0.73098,0.70905,0.74135,0.70164,0.757,0.59483,0.83943,0.79334,0.91355,136,0.000810662,0.000810662,0.000810662
155,4447.54,0.92166,0.83962,0.9049,0.69697,0.7019,0.76763,0.63955,0.73103,0.57716,0.83422,0.81605,0.91239,136,0.000809425,0.000809425,0.000809425
156,4468.92,0.88647,0.82396,0.90616,0.7334,0.63313,0.78484,0.58199,0.69071,0.54971,0.85148,0.87199,0.91603,136,0.000808188,0.000808188,0.000808188
157,4506.7,0.94526,0.85032,0.91767,0.71596,0.66327,0.77785,0.59798,0.7128,0.54224,0.89842,0.83403,0.92433,136,0.00080695,0.00080695,0.00080695
158,4542.91,0.98388,0.84087,0.92288,0.73629,0.70893,0.78534,0.65175,0.75752,0.59852,0.86091,0.81035,0.91599,136,0.000805712,0.000805712,0.000805712
159,4564.31,0.94713,0.85445,0.92873,0.72727,0.69417,0.75938,0.66317,0.7485,0.598,0.82931,0.82759,0.91328,136,0.000804475,0.000804475,0.000804475
160,4585.92,0.90885,0.87663,0.91589,0.72894,0.71485,0.75484,0.69132,0.75533,0.60688,0.8287,0.8043,0.90908,160,0.000803238,0.000803238,0.000803238
161,4623.19,0.91664,0.8591,0.92486,0.73435,0.69425,0.7771,0.65024,0.73404,0.58471,0.82858,0.81679,0.9108,160,0.000802,0.000802,0.000802
162,4661.78,0.92477,0.83467,0.91989,0.75039,0.67789,0.7968,0.62883,0.73324,0.58375,0.87643,0.82024,0.92007,160,0.000800762,0.000800762,0.000800762
163,4683.27,0.93393,0.82825,0.93041,0.74679,0.69758,0.77798,0.66079,0.74671,0.59585,0.83434,0.79479,0.91421,160,0.000799525,0.000799525,0.000799525
164,4727.51,0.87206,0.83354,0.90091,0.72483,0.70779,0.77856,0.66251,0.7514,0.5907,0.88239,0.80628,0.92071,160,0.000798288,0.000798288,0.000798288
165,4763.94,0.86794,0.84463,0.90667,0.68028,0.68122,0.77626,0.58753,0.70484,0.56267,0.83292,0.85285,0.91537,160,0.00079705,0.00079705,0.00079705
166,4785.59,0.87628,0.84746,0.89761,0.70908,0.70252,0.76901,0.6314,0.73155,0.58037,0.85563,0.81727,0.91564,160,0.000795812,0.000795812,0.000795812
167,4817.11,0.90582,0.87337,0.90539,0.73196,0.70865,0.77195,0.65842,0.75745,0.60248,0.8423,0.82124,0.91379,160,0.000794575,0.000794575,0.000794575
168,4838.52,0.90649,0.86735,0.90601,0.70717,0.69049,0.7803,0.61626,0.71604,0.57046,0.82442,0.83051,0.91283,160,0.000793338,0.000793338,0.000793338
169,4859.96,0.91988,0.88011,0.92017,0.72948,0.69315,0.72492,0.70073,0.74637,0.58466,0.84672,0.8084,0.9153,160,0.0007921,0.0007921,0.0007921
170,4881.12,0.93361,0.86496,0.92291,0.73382,0.70439,0.77299,0.66064,0.74958,0.59504,0.86125,0.82237,0.91549,160,0.000790863,0.000790863,0.000790863
171,4902.41,0.88836,0.85726,0.9142,0.72429,0.68458,0.75419,0.65783,0.74173,0.59613,0.82343,0.8619,0.90873,160,0.000789625,0.000789625,0.000789625
172,4924.18,0.89751,0.84889,0.90835,0.71329,0.70907,0.77962,0.63648,0.73829,0.59388,0.82752,0.80174,0.91237,160,0.000788388,0.000788388,0.000788388
173,4945.23,0.90398,0.84012,0.91442,0.75124,0.7021,0.77816,0.67173,0.7589,0.60665,0.83381,0.79295,0.91052,160,0.00078715,0.00078715,0.00078715
174,4979.74,0.85946,0.80937,0.90076,0.72016,0.69194,0.7656,0.64248,0.73581,0.58331,0.87828,0.81692,0.91869,160,0.000785912,0.000785912,0.000785912
175,5001.41,0.88017,0.8768,0.89266,0.71862,0.70712,0.7581,0.65846,0.73793,0.58729,0.83507,0.82057,0.91045,160,0.000784675,0.000784675,0.000784675
176,5052.35,0.87424,0.8489,0.90512,0.73817,0.67659,0.79021,0.62227,0.72193,0.57611,0.84604,0.80191,0.91355,160,0.000783438,0.000783438,0.000783438
177,5073.79,0.87035,0.8174,0.904,0.7347,0.71086,0.79144,0.65359,0.75267,0.60412,0.83394,0.79398,0.91209,160,0.0007822,0.0007822,0.0007822
178,5095.22,0.89494,0.81928,0.91104,0.72242,0.71127,0.7813,0.641,0.74519,0.59056,0.84262,0.80539,0.91502,160,0.000780963,0.000780963,0.000780963
179,5116.21,0.91081,0.80947,0.90439,0.76163,0.69057,0.78856,0.6635,0.75665,0.60501,0.84414,0.79195,0.91564,160,0.000779725,0.000779725,0.000779725
180,5137.44,0.90191,0.86335,0.92704,0.75669,0.68331,0.78149,0.66162,0.75292,0.60151,0.82606,0.80343,0.9098,160,0.000778487,0.000778487,0.000778487
181,5159.04,0.8665,0.79393,0.89548,0.73668,0.71377,0.7825,0.66669,0.75838,0.60824,0.80978,0.7739,0.90639,181,0.00077725,0.00077725,0.00077725
182,5219.74,0.89781,0.82286,0.90281,0.76047,0.71022,0.77461,0.70301,0.77271,0.61983,0.83059,0.78974,0.91065,182,0.000776013,0.000776013,0.000776013
183,5241.47,0.89307,0.82501,0.91022,0.74909,0.7032,0.78706,0.65551,0.75369,0.60266,0.83654,0.78388,0.91253,182,0.000774775,0.000774775,0.000774775
184,5275.52,0.90274,0.82726,0.90334,0.74775,0.70237,0.80465,0.62845,0.75647,0.60661,0.82673,0.78379,0.90954,182,0.000773537,0.000773537,0.000773537
185,5312.42,0.88251,0.80852,0.90768,0.73075,0.71124,0.75173,0.68951,0.75442,0.60489,0.81455,0.78341,0.9065,182,0.0007723,0.0007723,0.0007723
186,5357.21,0.85706,0.82335,0.89184,0.7175,0.7267,0.74678,0.68949,0.75956,0.60633,0.79566,0.78949,0.90155,182,0.000771063,0.000771063,0.000771063
187,5378.63,0.85005,0.80203,0.89402,0.7183,0.69604,0.76361,0.6442,0.73432,0.5827,0.8218,0.78243,0.90601,182,0.000769825,0.000769825,0.000769825
188,5413.66,0.89768,0.82517,0.90651,0.75353,0.72979,0.76492,0.71636,0.77902,0.62645,0.81219,0.7734,0.90595,188,0.000768587,0.000768587,0.000768587
189,5435.32,0.89655,0.82626,0.90367,0.71275,0.69553,0.77678,0.63084,0.73144,0.58892,0.81816,0.79626,0.90681,188,0.00076735,0.00076735,0.00076735
190,5456.86,0.87456,0.81065,0.90642,0.7024,0.70878,0.79723,0.62737,0.73934,0.59893,0.8077,0.78051,0.90403,188,0.000766113,0.000766113,0.000766113
191,5477.9,0.8492,0.80583,0.89917,0.75624,0.70083,0.79121,0.65735,0.75966,0.60693,0.86766,0.79002,0.91977,188,0.000764875,0.000764875,0.000764875
192,5511.67,0.86899,0.82075,0.90264,0.73292,0.68648,0.7911,0.61223,0.73429,0.592,0.82903,0.8181,0.90985,188,0.000763638,0.000763638,0.000763638
193,5533.29,0.90279,0.81557,0.90214,0.72679,0.72798,0.78177,0.67187,0.76415,0.61696,0.81111,0.76236,0.9074,188,0.0007624,0.0007624,0.0007624
194,5598.58,0.89539,0.82053,0.9115,0.71418,0.69702,0.79483,0.61285,0.73343,0.58874,0.82743,0.79221,0.90975,188,0.000761163,0.000761163,0.000761163
195,5619.82,0.83912,0.77988,0.8912,0.72079,0.73007,0.79643,0.65819,0.76877,0.61006,0.84593,0.80196,0.91387,188,0.000759925,0.000759925,0.000759925
196,5641.45,0.91006,0.82051,0.91954,0.71817,0.69052,0.75619,0.65658,0.73037,0.58355,0.86363,0.84074,0.91597,188,0.000758687,0.000758687,0.000758687
197,5675,0.90001,0.80239,0.89921,0.7322,0.70395,0.78523,0.65613,0.74752,0.60358,0.82438,0.82883,0.91109,188,0.00075745,0.00075745,0.00075745
198,5696.32,0.91976,0.82319,0.91206,0.73258,0.67574,0.77448,0.62654,0.72649,0.57915,0.81601,0.79085,0.90582,188,0.000756213,0.000756213,0.000756213
199,5761.53,0.88741,0.81716,0.90794,0.74485,0.73534,0.77893,0.69149,0.77772,0.62413,0.82156,0.76997,0.90838,188,0.000754975,0.000754975,0.000754975
200,5794.72,0.86461,0.81571,0.90406,0.74275,0.72898,0.78326,0.68696,0.77212,0.62497,0.80923,0.77021,0.90359,188,0.000753737,0.000753737,0.000753737
201,5816.25,0.85913,0.78188,0.89218,0.75758,0.72373,0.78649,0.6949,0.7786,0.62802,0.81469,0.75318,0.90553,201,0.0007525,0.0007525,0.0007525
202,5838.32,0.8336,0.77361,0.90114,0.75549,0.71884,0.80377,0.66118,0.76641,0.61154,0.81331,0.76634,0.90461,201,0.000751263,0.000751263,0.000751263
203,5869.71,0.84652,0.79464,0.90224,0.72997,0.70984,0.74937,0.69214,0.74784,0.58885,0.81497,0.77216,0.9056,201,0.000750025,0.000750025,0.000750025
204,5891.15,0.88684,0.79326,0.91194,0.74259,0.71708,0.76767,0.68749,0.76604,0.6111,0.81356,0.76527,0.90529,201,0.000748788,0.000748788,0.000748788
205,5912.88,0.87601,0.79598,0.89114,0.72916,0.68752,0.7768,0.6351,0.72513,0.58017,0.82194,0.81558,0.9074,201,0.00074755,0.00074755,0.00074755
206,5934.06,0.87805,0.83894,0.90404,0.7447,0.70377,0.77859,0.66968,0.76047,0.61398,0.81718,0.7989,0.90664,201,0.000746313,0.000746313,0.000746313
207,5955.35,0.87306,0.81845,0.92029,0.73063,0.68194,0.80114,0.58915,0.74499,0.59822,0.84675,0.84365,0.91196,201,0.000745075,0.000745075,0.000745075
208,5976.87,0.88539,0.78583,0.90634,0.74915,0.7118,0.78135,0.67766,0.76126,0.61335,0.80781,0.76833,0.90341,201,0.000743837,0.000743837,0.000743837
209,5998.23,0.87241,0.80809,0.91177,0.71973,0.75266,0.75617,0.70233,0.77454,0.61898,0.80478,0.75439,0.9033,201,0.0007426,0.0007426,0.0007426
210,6019.54,0.86809,0.79449,0.9011,0.73545,0.69215,0.78765,0.63884,0.74194,0.59008,0.83122,0.79281,0.91234,201,0.000741363,0.000741363,0.000741363
211,6040.98,0.85017,0.78957,0.89976,0.72817,0.71742,0.79243,0.64615,0.75726,0.60749,0.8195,0.79404,0.9066,201,0.000740125,0.000740125,0.000740125
212,6092.36,0.85992,0.77423,0.88716,0.71757,0.73509,0.75966,0.69542,0.76939,0.61772,0.85554,0.78566,0.91291,201,0.000738888,0.000738888,0.000738888
213,6113.75,0.84958,0.77606,0.88678,0.75829,0.71681,0.76705,0.70591,0.77711,0.62474,0.80284,0.75246,0.90144,201,0.00073765,0.00073765,0.00073765
214,6135.33,0.86029,0.78083,0.89551,0.74867,0.69279,0.79173,0.65179,0.75365,0.61034,0.81131,0.78352,0.9047,201,0.000736413,0.000736413,0.000736413
215,6156.46,0.88008,0.78985,0.89987,0.72938,0.70927,0.78144,0.6492,0.75487,0.61159,0.82169,0.78925,0.90603,201,0.000735175,0.000735175,0.000735175
216,6177.83,0.85473,0.77552,0.89612,0.74152,0.71777,0.78779,0.66698,0.76137,0.61321,0.80704,0.76741,0.90175,201,0.000733937,0.000733937,0.000733937
217,6199.24,0.85928,0.7924,0.89503,0.73171,0.70477,0.79584,0.62864,0.73582,0.58524,0.84015,0.80149,0.9073,201,0.0007327,0.0007327,0.0007327
218,6220.33,0.85645,0.80211,0.89603,0.71849,0.73234,0.75411,0.69336,0.75904,0.61141,0.80166,0.77119,0.9017,201,0.000731463,0.000731463,0.000731463
219,6282.2,0.86441,0.77771,0.8899,0.74855,0.71922,0.78192,0.68602,0.7715,0.62311,0.79453,0.7737,0.90067,201,0.000730225,0.000730225,0.000730225
220,6303.76,0.84896,0.7807,0.88522,0.72614,0.72369,0.7644,0.67496,0.75693,0.60818,0.79869,0.77913,0.90005,201,0.000728988,0.000728988,0.000728988
221,6324.94,0.83237,0.78281,0.88571,0.74273,0.71944,0.76324,0.6967,0.76101,0.61316,0.79517,0.77392,0.90135,201,0.00072775,0.00072775,0.00072775
222,6369.14,0.8872,0.77491,0.90337,0.69532,0.69584,0.78512,0.60819,0.72582,0.58318,0.82777,0.80317,0.90582,201,0.000726512,0.000726512,0.000726512
223,6407.28,0.9135,0.81014,0.90737,0.7367,0.73908,0.7414,0.73521,0.77888,0.62837,0.83164,0.76732,0.90574,223,0.000725275,0.000725275,0.000725275
224,6447.48,0.87983,0.80175,0.91391,0.73313,0.75226,0.76921,0.70636,0.78287,0.63261,0.80959,0.76346,0.90403,224,0.000724038,0.000724038,0.000724038
225,6469.09,0.87296,0.79245,0.89431,0.72852,0.74136,0.77432,0.67987,0.7715,0.61437,0.87444,0.78912,0.91807,224,0.0007228,0.0007228,0.0007228
226,6491.01,0.84304,0.77737,0.88364,0.76179,0.72279,0.79536,0.68267,0.77889,0.63003,0.80269,0.75846,0.89918,224,0.000721562,0.000721562,0.000721562
227,6512.2,0.85461,0.77459,0.88746,0.75124,0.74577,0.78559,0.71146,0.78684,0.63891,0.78607,0.74977,0.89805,227,0.000720325,0.000720325,0.000720325
228,6534.09,0.84185,0.77137,0.88783,0.74996,0.72477,0.77322,0.69637,0.7694,0.62088,0.81419,0.7623,0.90181,227,0.000719088,0.000719088,0.000719088
229,6555.8,0.84869,0.80341,0.88763,0.74895,0.72655,0.78237,0.68786,0.76826,0.62521,0.77968,0.75229,0.89416,227,0.00071785,0.00071785,0.00071785
230,6577.25,0.85594,0.78128,0.89721,0.73305,0.723,0.77628,0.68334,0.76026,0.61547,0.80926,0.75966,0.90301,227,0.000716612,0.000716612,0.000716612
231,6598.78,0.84832,0.7852,0.88652,0.72354,0.72621,0.8035,0.63501,0.75488,0.60921,0.81327,0.77624,0.90289,227,0.000715375,0.000715375,0.000715375
232,6620.54,0.86985,0.78439,0.89129,0.75326,0.72239,0.79987,0.66186,0.76356,0.60932,0.84516,0.75634,0.90875,227,0.000714137,0.000714137,0.000714137
233,6642,0.90877,0.79109,0.89913,0.77025,0.71723,0.78419,0.70852,0.78684,0.63354,0.82436,0.74469,0.90712,227,0.0007129,0.0007129,0.0007129
234,6663.78,0.87388,0.76528,0.89017,0.74691,0.73508,0.79578,0.68103,0.77512,0.62393,0.80692,0.75991,0.90244,227,0.000711663,0.000711663,0.000711663
235,6685.51,0.90016,0.78731,0.90697,0.7575,0.73119,0.7881,0.70015,0.78054,0.62577,0.82023,0.75494,0.90507,227,0.000710425,0.000710425,0.000710425
236,6720.33,0.86387,0.80043,0.89603,0.76609,0.71984,0.75871,0.72659,0.77846,0.63387,0.8019,0.7619,0.89812,227,0.000709188,0.000709188,0.000709188
237,6741.87,0.85469,0.78664,0.89218,0.75522,0.7396,0.76559,0.72393,0.77855,0.62763,0.81264,0.76901,0.90063,227,0.00070795,0.00070795,0.00070795
238,6763.72,0.87877,0.78831,0.88868,0.7196,0.73504,0.77737,0.67604,0.75332,0.60745,0.79393,0.74947,0.89684,227,0.000706713,0.000706713,0.000706713
239,6810.35,0.8471,0.78181,0.89038,0.74778,0.74763,0.78836,0.69439,0.78674,0.6398,0.78576,0.75885,0.89721,239,0.000705475,0.000705475,0.000705475
240,6863.29,0.8614,0.77727,0.89485,0.73987,0.72033,0.78228,0.67961,0.77436,0.62647,0.79781,0.74327,0.8983,239,0.000704237,0.000704237,0.000704237
241,6884.68,0.86894,0.78325,0.8958,0.74123,0.73812,0.76648,0.71967,0.78436,0.62812,0.78939,0.73683,0.896,239,0.000703,0.000703,0.000703
242,6905.89,0.87847,0.80459,0.88847,0.73817,0.73332,0.79155,0.68468,0.77581,0.62032,0.80887,0.75367,0.90052,239,0.000701762,0.000701762,0.000701762
243,6927.44,0.8744,0.79035,0.89983,0.75799,0.73411,0.7717,0.72016,0.78313,0.63004,0.79336,0.74294,0.89792,239,0.000700525,0.000700525,0.000700525
244,6959.96,0.89351,0.79881,0.91137,0.72995,0.76682,0.7401,0.75685,0.79654,0.64309,0.79404,0.7516,0.89884,244,0.000699288,0.000699288,0.000699288
245,6995.48,0.85131,0.77208,0.8846,0.75987,0.72321,0.80272,0.67027,0.77776,0.62669,0.81819,0.74691,0.90356,244,0.00069805,0.00069805,0.00069805
246,7016.88,0.82476,0.7476,0.88713,0.75409,0.72758,0.7879,0.69002,0.77448,0.6263,0.78208,0.74072,0.89572,244,0.000696812,0.000696812,0.000696812
247,7038.41,0.83621,0.7827,0.88257,0.7705,0.72689,0.78722,0.71738,0.78988,0.63837,0.78687,0.74238,0.89608,244,0.000695575,0.000695575,0.000695575
248,7059.46,0.83105,0.76657,0.88503,0.75305,0.73363,0.78985,0.70028,0.78363,0.63747,0.78115,0.7418,0.89512,244,0.000694337,0.000694337,0.000694337
249,7080.98,0.83699,0.7743,0.89639,0.75324,0.71806,0.75135,0.7195,0.77454,0.62868,0.79624,0.75872,0.89745,244,0.0006931,0.0006931,0.0006931
250,7102.84,0.85412,0.81536,0.88179,0.74185,0.72608,0.77069,0.69049,0.76777,0.62265,0.79194,0.74802,0.89739,244,0.000691862,0.000691862,0.000691862
251,7159.48,0.88491,0.81832,0.90212,0.72914,0.75135,0.7733,0.70448,0.78009,0.63113,0.79039,0.75923,0.8994,244,0.000690625,0.000690625,0.000690625
252,7213.79,0.81721,0.78444,0.8851,0.76425,0.72925,0.79279,0.70493,0.78649,0.63434,0.79068,0.7316,0.89718,244,0.000689388,0.000689388,0.000689388
253,7235.41,0.8571,0.76039,0.88666,0.77394,0.72152,0.78856,0.71352,0.78784,0.63924,0.79845,0.75384,0.89867,244,0.00068815,0.00068815,0.00068815
254,7273.83,0.84556,0.75716,0.87859,0.73697,0.75572,0.75124,0.739,0.79961,0.65056,0.80703,0.74366,0.89777,254,0.000686913,0.000686913,0.000686913
255,7295.45,0.82373,0.77325,0.89678,0.76238,0.72218,0.7757,0.71302,0.78342,0.63436,0.78125,0.73782,0.89293,254,0.000685675,0.000685675,0.000685675
256,7344.49,0.85493,0.76539,0.88988,0.75734,0.72824,0.76171,0.72364,0.77802,0.62705,0.78626,0.74081,0.89572,254,0.000684438,0.000684438,0.000684438
257,7365.6,0.8585,0.77789,0.89803,0.73068,0.75932,0.76894,0.70892,0.77861,0.63074,0.77973,0.73496,0.89291,254,0.0006832,0.0006832,0.0006832
258,7387.01,0.85131,0.75414,0.89098,0.72728,0.73721,0.78188,0.68992,0.77295,0.62047,0.79533,0.74149,0.89661,254,0.000681962,0.000681962,0.000681962
259,7408.67,0.85442,0.77866,0.89103,0.75701,0.7333,0.76175,0.72458,0.77766,0.62837,0.79372,0.74506,0.8944,254,0.000680725,0.000680725,0.000680725
260,7429.93,0.83948,0.76609,0.89274,0.75403,0.7331,0.77784,0.71293,0.77821,0.63394,0.77926,0.74888,0.89307,254,0.000679488,0.000679488,0.000679488
261,7465.36,0.85597,0.76619,0.8882,0.76129,0.72844,0.77884,0.71324,0.78719,0.64258,0.7721,0.74554,0.89255,254,0.00067825,0.00067825,0.00067825
262,7486.84,0.80586,0.75884,0.87615,0.73194,0.72029,0.7692,0.68356,0.75828,0.61723,0.79668,0.75628,0.8967,254,0.000677013,0.000677013,0.000677013
263,7508.01,0.83285,0.76289,0.87789,0.72626,0.74993,0.79283,0.69091,0.78327,0.64259,0.7806,0.72998,0.89421,254,0.000675775,0.000675775,0.000675775
264,7529.44,0.84726,0.75947,0.89653,0.76807,0.71303,0.80731,0.67255,0.78246,0.63943,0.81351,0.76732,0.90484,254,0.000674538,0.000674538,0.000674538
265,7551.13,0.86418,0.78433,0.8946,0.75399,0.75167,0.76108,0.74278,0.80018,0.65121,0.78089,0.72911,0.89454,265,0.0006733,0.0006733,0.0006733
266,7572.55,0.88991,0.77953,0.90771,0.7744,0.73831,0.78964,0.72243,0.79691,0.64672,0.77488,0.71631,0.89243,265,0.000672063,0.000672063,0.000672063
267,7610.36,0.8639,0.76368,0.88756,0.78991,0.73211,0.79746,0.72465,0.79938,0.64824,0.79917,0.72222,0.89733,265,0.000670825,0.000670825,0.000670825
268,7631.94,0.84562,0.77787,0.879,0.73716,0.74909,0.78252,0.70532,0.79086,0.64191,0.78372,0.74196,0.89426,265,0.000669587,0.000669587,0.000669587
269,7653.21,0.83424,0.766,0.8773,0.72481,0.74268,0.77193,0.70265,0.78001,0.63132,0.78347,0.73757,0.89475,265,0.00066835,0.00066835,0.00066835
270,7674.71,0.82869,0.7822,0.87797,0.74378,0.7552,0.7427,0.75566,0.79189,0.64539,0.76492,0.73903,0.89037,265,0.000667113,0.000667113,0.000667113
271,7696.37,0.83672,0.76161,0.88126,0.758,0.73035,0.78573,0.70399,0.78442,0.64312,0.78285,0.74472,0.89498,265,0.000665875,0.000665875,0.000665875
272,7717.61,0.83401,0.76529,0.89969,0.7552,0.71918,0.78936,0.68896,0.77479,0.63047,0.78629,0.7457,0.89461,265,0.000664637,0.000664637,0.000664637
273,7754.05,0.83283,0.73957,0.888,0.75421,0.74207,0.75314,0.7427,0.77948,0.63738,0.76897,0.74694,0.89032,265,0.0006634,0.0006634,0.0006634
274,7775.83,0.82234,0.75735,0.88828,0.76066,0.71934,0.78587,0.69882,0.77842,0.63538,0.7676,0.72399,0.88974,265,0.000662162,0.000662162,0.000662162
275,7797.01,0.83465,0.7352,0.88837,0.75554,0.74554,0.80219,0.69512,0.78678,0.64225,0.77475,0.71992,0.89421,265,0.000660925,0.000660925,0.000660925
276,7818.59,0.80933,0.73077,0.88058,0.74602,0.74577,0.77716,0.70485,0.7841,0.64093,0.7854,0.74365,0.89603,265,0.000659688,0.000659688,0.000659688
277,7840.27,0.84548,0.74035,0.87993,0.7412,0.72243,0.79307,0.67342,0.76514,0.62292,0.78064,0.77533,0.89248,265,0.00065845,0.00065845,0.00065845
278,7875.36,0.83061,0.7441,0.8882,0.76741,0.71905,0.78653,0.70487,0.78547,0.63564,0.78175,0.73096,0.89433,265,0.000657213,0.000657213,0.000657213
279,7896.88,0.82096,0.76386,0.88867,0.76183,0.74285,0.77175,0.73223,0.79889,0.65087,0.77435,0.72903,0.89123,265,0.000655975,0.000655975,0.000655975
280,7935.42,0.83725,0.7594,0.88098,0.73675,0.74205,0.77916,0.69702,0.78058,0.63355,0.78655,0.75421,0.89283,265,0.000654738,0.000654738,0.000654738
281,7980.78,0.87473,0.78207,0.88673,0.73146,0.72852,0.7959,0.64933,0.75487,0.61933,0.78778,0.7731,0.89643,265,0.0006535,0.0006535,0.0006535
282,8002.15,0.83862,0.79246,0.8932,0.73876,0.73271,0.76794,0.69555,0.76758,0.62701,0.77509,0.74308,0.89204,265,0.000652262,0.000652262,0.000652262
283,8051.55,0.80079,0.75322,0.87939,0.73951,0.73725,0.76471,0.71701,0.77871,0.6383,0.75767,0.74608,0.88882,265,0.000651025,0.000651025,0.000651025
284,8072.73,0.8259,0.76766,0.87827,0.73445,0.74497,0.77372,0.70532,0.77771,0.63202,0.78052,0.74002,0.89229,265,0.000649787,0.000649787,0.000649787
285,8106.74,0.8327,0.77949,0.88135,0.77052,0.70843,0.76941,0.71064,0.76753,0.62321,0.76391,0.72949,0.89136,265,0.00064855,0.00064855,0.00064855
286,8128.34,0.83505,0.74536,0.89064,0.74871,0.74394,0.7828,0.7088,0.77907,0.62859,0.78692,0.72772,0.89493,265,0.000647313,0.000647313,0.000647313
287,8149.4,0.81953,0.73138,0.89038,0.74782,0.75547,0.79644,0.69981,0.79006,0.64457,0.76639,0.73406,0.89064,265,0.000646075,0.000646075,0.000646075
288,8214.82,0.81931,0.72198,0.88058,0.73571,0.75453,0.77544,0.71061,0.78911,0.63731,0.78039,0.72848,0.89279,265,0.000644837,0.000644837,0.000644837
289,8236.24,0.79997,0.7134,0.8766,0.72166,0.72084,0.80387,0.63792,0.75898,0.62342,0.76798,0.75642,0.89064,265,0.0006436,0.0006436,0.0006436
290,8257.51,0.83692,0.73872,0.87714,0.76202,0.75172,0.79716,0.71044,0.79854,0.64963,0.76108,0.73211,0.88889,265,0.000642363,0.000642363,0.000642363
291,8279.02,0.82662,0.72556,0.87493,0.76738,0.75316,0.78924,0.72629,0.80039,0.65581,0.74759,0.71442,0.88651,291,0.000641125,0.000641125,0.000641125
292,8301.24,0.83585,0.73348,0.88733,0.76845,0.73876,0.77901,0.72602,0.78922,0.64341,0.78963,0.73943,0.89738,291,0.000639887,0.000639887,0.000639887
293,8336.38,0.81054,0.71686,0.8827,0.74452,0.76668,0.76381,0.74414,0.80783,0.65608,0.7653,0.71271,0.88999,293,0.00063865,0.00063865,0.00063865
294,8358.22,0.82025,0.73404,0.87956,0.75192,0.75058,0.78301,0.71216,0.78193,0.63941,0.76487,0.72083,0.88921,293,0.000637413,0.000637413,0.000637413
295,8379.75,0.80715,0.76189,0.8802,0.76961,0.74368,0.76419,0.74943,0.80246,0.65328,0.76519,0.73493,0.88869,293,0.000636175,0.000636175,0.000636175
296,8400.97,0.84638,0.75594,0.89003,0.74008,0.75643,0.77975,0.71255,0.79315,0.64042,0.76909,0.72776,0.89102,293,0.000634937,0.000634937,0.000634937
297,8422.62,0.82646,0.72811,0.87429,0.7634,0.74637,0.78358,0.72428,0.79719,0.64853,0.77184,0.73813,0.89112,293,0.0006337,0.0006337,0.0006337
298,8456.5,0.81682,0.74274,0.88839,0.75077,0.75679,0.79359,0.71128,0.78478,0.64137,0.76122,0.74,0.88875,293,0.000632462,0.000632462,0.000632462
299,8477.68,0.82951,0.75861,0.88123,0.77796,0.7485,0.78673,0.73882,0.8036,0.65621,0.76899,0.71811,0.89002,299,0.000631225,0.000631225,0.000631225
300,8574.59,0.80126,0.72973,0.87299,0.75814,0.74209,0.78502,0.70752,0.78267,0.63724,0.77745,0.73031,0.89333,299,0.000629987,0.000629987,0.000629987
301,8596.19,0.80966,0.72719,0.87506,0.74775,0.71929,0.78481,0.67485,0.76962,0.62387,0.77731,0.74675,0.89076,299,0.00062875,0.00062875,0.00062875
302,8617.72,0.84081,0.73241,0.89405,0.78083,0.73909,0.78614,0.73483,0.7887,0.64255,0.76742,0.71795,0.88978,299,0.000627513,0.000627513,0.000627513
303,8654.08,0.84691,0.75085,0.88398,0.77152,0.72929,0.77839,0.72241,0.78894,0.64633,0.7644,0.72138,0.88903,299,0.000626275,0.000626275,0.000626275
304,8675.59,0.85537,0.73328,0.89507,0.76812,0.75408,0.77282,0.74947,0.80287,0.65585,0.7536,0.71017,0.88648,299,0.000625038,0.000625038,0.000625038
305,8708.6,0.80267,0.71697,0.88749,0.7679,0.73385,0.79297,0.71627,0.79433,0.65186,0.7611,0.70579,0.88941,299,0.0006238,0.0006238,0.0006238
306,8729.82,0.836,0.74175,0.89551,0.75896,0.76164,0.78623,0.73366,0.80941,0.66375,0.74967,0.70359,0.88691,306,0.000622563,0.000622563,0.000622563
307,8764.15,0.78339,0.6952,0.87035,0.75661,0.75154,0.77122,0.73174,0.79719,0.64981,0.75189,0.7101,0.88686,306,0.000621325,0.000621325,0.000621325
308,8798.76,0.84725,0.7246,0.88203,0.75071,0.7515,0.78605,0.7185,0.7978,0.64591,0.7701,0.71068,0.8893,306,0.000620088,0.000620088,0.000620088
309,8820.1,0.85855,0.71638,0.88401,0.74409,0.75624,0.7864,0.70794,0.80092,0.65703,0.75818,0.72051,0.88703,306,0.00061885,0.00061885,0.00061885
310,8856.3,0.81775,0.73503,0.88985,0.75744,0.73422,0.78255,0.71272,0.79331,0.64534,0.76272,0.7155,0.88894,306,0.000617612,0.000617612,0.000617612
311,8891.1,0.84326,0.73757,0.89816,0.76905,0.74871,0.78027,0.73823,0.80144,0.65327,0.75687,0.72097,0.88755,306,0.000616375,0.000616375,0.000616375
312,8912.53,0.80952,0.73047,0.88017,0.74804,0.75217,0.80351,0.70373,0.79617,0.65312,0.75971,0.7105,0.888,306,0.000615138,0.000615138,0.000615138
313,8951.11,0.80956,0.74138,0.87972,0.77431,0.71084,0.76782,0.71673,0.78477,0.63513,0.75527,0.70777,0.88698,306,0.0006139,0.0006139,0.0006139
314,8972.32,0.79539,0.72617,0.87894,0.74021,0.75844,0.75423,0.74562,0.7941,0.65218,0.75035,0.71815,0.88589,306,0.000612662,0.000612662,0.000612662
315,8993.98,0.78988,0.70603,0.86804,0.73804,0.75397,0.80275,0.68033,0.78258,0.63936,0.77764,0.75204,0.89173,306,0.000611425,0.000611425,0.000611425
316,9015.89,0.78617,0.71064,0.87197,0.75349,0.755,0.78379,0.71716,0.79227,0.64818,0.75412,0.74167,0.88784,306,0.000610188,0.000610188,0.000610188
317,9079.61,0.77611,0.688,0.86456,0.73955,0.753,0.76296,0.7324,0.78994,0.6462,0.76054,0.71862,0.8871,306,0.00060895,0.00060895,0.00060895
318,9129.15,0.81254,0.72444,0.89051,0.75413,0.76175,0.77923,0.73188,0.80315,0.65698,0.74663,0.71664,0.88639,306,0.000607713,0.000607713,0.000607713
319,9150.92,0.76913,0.69778,0.86563,0.78384,0.73188,0.80008,0.71315,0.79564,0.65284,0.75187,0.70091,0.88632,306,0.000606475,0.000606475,0.000606475
320,9172.09,0.76344,0.71329,0.86132,0.76256,0.74412,0.78163,0.72925,0.79902,0.65512,0.7501,0.70294,0.88635,306,0.000605238,0.000605238,0.000605238
321,9205.27,0.8082,0.71382,0.87684,0.76627,0.75377,0.78282,0.73326,0.79767,0.6556,0.74793,0.71898,0.88539,306,0.000604,0.000604,0.000604
322,9254.57,0.78234,0.69816,0.87364,0.76508,0.72364,0.78719,0.69958,0.77754,0.63698,0.75409,0.7187,0.88661,306,0.000602763,0.000602763,0.000602763
323,9291.12,0.88137,0.74423,0.89087,0.76042,0.70241,0.7961,0.66783,0.76712,0.62268,0.79262,0.75885,0.89373,306,0.000601525,0.000601525,0.000601525
324,9327.54,0.85145,0.70653,0.888,0.76993,0.73489,0.7831,0.72478,0.79886,0.65455,0.78801,0.73827,0.8965,306,0.000600287,0.000600287,0.000600287
325,9349.12,0.84226,0.71653,0.88253,0.76889,0.75663,0.78876,0.74053,0.80826,0.66761,0.7458,0.69323,0.88558,325,0.00059905,0.00059905,0.00059905
326,9370.49,0.81753,0.70111,0.87647,0.76076,0.74847,0.80043,0.70837,0.7969,0.65403,0.73856,0.69678,0.88423,325,0.000597812,0.000597812,0.000597812
327,9405.83,0.79599,0.70209,0.87527,0.77019,0.75795,0.7839,0.74699,0.81256,0.65554,0.77191,0.71162,0.88981,325,0.000596575,0.000596575,0.000596575
328,9427.29,0.75792,0.65881,0.86883,0.76716,0.71756,0.7982,0.69529,0.78575,0.6436,0.75372,0.69966,0.88569,325,0.000595338,0.000595338,0.000595338
329,9448.35,0.79125,0.71763,0.87984,0.7561,0.75372,0.76415,0.74717,0.7963,0.64588,0.76365,0.70547,0.88896,325,0.0005941,0.0005941,0.0005941
330,9469.89,0.84927,0.7471,0.8889,0.77604,0.73276,0.79885,0.71851,0.79568,0.65532,0.74642,0.69984,0.88612,325,0.000592862,0.000592862,0.000592862
331,9491.49,0.77462,0.70219,0.88351,0.76745,0.75295,0.80288,0.71789,0.80384,0.66397,0.74274,0.69036,0.88541,325,0.000591625,0.000591625,0.000591625
332,9512.46,0.79149,0.69963,0.86789,0.74245,0.76387,0.78412,0.7143,0.78843,0.64611,0.75629,0.70729,0.88784,325,0.000590388,0.000590388,0.000590388
333,9547.05,0.78832,0.70089,0.87362,0.75972,0.76171,0.80147,0.71414,0.80174,0.65762,0.74838,0.70493,0.88835,325,0.00058915,0.00058915,0.00058915
334,9568.7,0.78515,0.69635,0.86811,0.77602,0.74708,0.78849,0.73247,0.80407,0.66154,0.75237,0.70356,0.88803,325,0.000587912,0.000587912,0.000587912
335,9589.82,0.77266,0.68344,0.87263,0.75715,0.75977,0.75608,0.76034,0.80399,0.65702,0.74964,0.69418,0.88524,325,0.000586675,0.000586675,0.000586675
336,9611.15,0.79391,0.70119,0.8798,0.77519,0.74568,0.79186,0.72928,0.80507,0.66087,0.74803,0.70032,0.88654,325,0.000585438,0.000585438,0.000585438
337,9632.77,0.80902,0.71342,0.8746,0.75331,0.73119,0.801,0.67595,0.78338,0.64413,0.75573,0.71762,0.88781,325,0.0005842,0.0005842,0.0005842
338,9664.67,0.78594,0.66916,0.86255,0.76788,0.75135,0.78513,0.73472,0.80339,0.65574,0.75948,0.70364,0.88823,325,0.000582962,0.000582962,0.000582962
339,9702.28,0.8116,0.69169,0.87984,0.78551,0.75524,0.8017,0.73988,0.80702,0.66498,0.73628,0.69101,0.88438,325,0.000581725,0.000581725,0.000581725
340,9723.79,0.81239,0.70716,0.89723,0.77039,0.75315,0.78446,0.74343,0.80495,0.65686,0.74422,0.70292,0.8843,325,0.000580487,0.000580487,0.000580487
341,9744.89,0.81964,0.70563,0.87007,0.755,0.76956,0.77447,0.7477,0.80993,0.66263,0.747,0.68343,0.88543,325,0.00057925,0.00057925,0.00057925
342,9766.46,0.75489,0.68536,0.864,0.75369,0.77989,0.78066,0.74199,0.81005,0.66624,0.74515,0.69302,0.8837,325,0.000578013,0.000578013,0.000578013
343,9788.12,0.81227,0.70669,0.88557,0.77115,0.75024,0.78239,0.74143,0.80429,0.66001,0.74549,0.68837,0.88574,325,0.000576775,0.000576775,0.000576775
344,9809.3,0.82337,0.7338,0.8869,0.77363,0.75561,0.78907,0.74268,0.80722,0.66325,0.75229,0.70564,0.88583,325,0.000575538,0.000575538,0.000575538
345,9830.91,0.81342,0.72573,0.87682,0.7683,0.75993,0.80036,0.72433,0.8043,0.65707,0.74429,0.69581,0.88564,325,0.0005743,0.0005743,0.0005743
346,9852.53,0.77908,0.68833,0.86658,0.76306,0.7639,0.77533,0.74966,0.80352,0.65757,0.75362,0.68923,0.88848,325,0.000573063,0.000573063,0.000573063
347,9873.65,0.81257,0.70962,0.88144,0.7763,0.73596,0.79005,0.71865,0.79623,0.64797,0.75898,0.69953,0.88845,325,0.000571825,0.000571825,0.000571825
348,9895.26,0.78572,0.68975,0.86929,0.78919,0.75127,0.7939,0.7437,0.81358,0.66809,0.75695,0.6986,0.8875,348,0.000570587,0.000570587,0.000570587
349,9930.23,0.79481,0.68971,0.88499,0.78919,0.76205,0.79209,0.75918,0.81865,0.67111,0.74265,0.67634,0.88452,349,0.00056935,0.00056935,0.00056935
350,9951.55,0.78289,0.67054,0.87709,0.76012,0.77209,0.78054,0.74659,0.8136,0.66822,0.74522,0.68288,0.88586,349,0.000568113,0.000568113,0.000568113
351,9985.29,0.80192,0.67888,0.8829,0.76584,0.73324,0.79689,0.70889,0.78963,0.65056,0.73615,0.68579,0.88288,349,0.000566875,0.000566875,0.000566875
352,10035,0.7823,0.68177,0.8661,0.77108,0.76732,0.79901,0.73786,0.81315,0.66937,0.74361,0.69573,0.8845,349,0.000565638,0.000565638,0.000565638
353,10093.5,0.8055,0.67978,0.87148,0.75525,0.7515,0.77997,0.72469,0.79697,0.65621,0.7405,0.69622,0.88389,349,0.0005644,0.0005644,0.0005644
354,10114.7,0.78418,0.67612,0.86599,0.78346,0.75706,0.78624,0.75507,0.8143,0.66201,0.7571,0.69107,0.88704,349,0.000563163,0.000563163,0.000563163
355,10136.3,0.78496,0.68156,0.86647,0.76467,0.76349,0.79084,0.72869,0.80158,0.65584,0.75109,0.69126,0.88629,349,0.000561925,0.000561925,0.000561925
356,10175.8,0.79784,0.6792,0.87381,0.78646,0.75574,0.78202,0.75923,0.81377,0.67332,0.74026,0.68768,0.88412,356,0.000560687,0.000560687,0.000560687
357,10197.2,0.77786,0.6701,0.86209,0.77787,0.74368,0.78448,0.73073,0.7947,0.65325,0.74189,0.68984,0.88455,356,0.00055945,0.00055945,0.00055945
358,10247.6,0.76311,0.66763,0.86826,0.76763,0.76642,0.759,0.77252,0.8131,0.67218,0.73386,0.68253,0.8824,356,0.000558213,0.000558213,0.000558213
359,10268.6,0.81405,0.69591,0.88038,0.74917,0.75337,0.78294,0.7144,0.78781,0.64719,0.7447,0.70648,0.88517,356,0.000556975,0.000556975,0.000556975
360,10290,0.79344,0.67444,0.87715,0.78627,0.74329,0.77908,0.7512,0.80387,0.66083,0.74997,0.70105,0.88631,356,0.000555738,0.000555738,0.000555738
361,10350.3,0.78099,0.66431,0.86711,0.75833,0.74972,0.78132,0.72079,0.78612,0.6524,0.72793,0.69408,0.88142,356,0.0005545,0.0005545,0.0005545
362,10371.3,0.76378,0.67568,0.8653,0.75728,0.75994,0.79909,0.71633,0.79673,0.6536,0.72924,0.69629,0.88213,356,0.000553263,0.000553263,0.000553263
363,10392.7,0.76745,0.66271,0.87146,0.77665,0.74464,0.79209,0.72828,0.80243,0.65924,0.73225,0.67842,0.8823,356,0.000552025,0.000552025,0.000552025
364,10414.3,0.75482,0.65977,0.87378,0.78325,0.7329,0.78842,0.72579,0.79337,0.65461,0.73086,0.68222,0.88128,356,0.000550788,0.000550788,0.000550788
365,10448.1,0.81656,0.69035,0.878,0.78013,0.77272,0.78523,0.76302,0.81808,0.67613,0.73613,0.67423,0.88357,365,0.00054955,0.00054955,0.00054955
366,10469.7,0.78961,0.70162,0.86317,0.76928,0.75633,0.79104,0.73071,0.80786,0.66511,0.73542,0.6776,0.88186,365,0.000548312,0.000548312,0.000548312
367,10511.1,0.78947,0.67418,0.86187,0.77332,0.75015,0.78377,0.7423,0.80432,0.66291,0.73583,0.68345,0.88239,365,0.000547075,0.000547075,0.000547075
368,10532.1,0.76594,0.67435,0.87273,0.77789,0.75194,0.76898,0.76025,0.81498,0.67123,0.74153,0.67837,0.88359,365,0.000545838,0.000545838,0.000545838
369,10553.5,0.77689,0.68401,0.8634,0.78727,0.743,0.79743,0.73142,0.80324,0.66199,0.74379,0.68049,0.88439,365,0.0005446,0.0005446,0.0005446
370,10574.9,0.78889,0.66835,0.86787,0.75352,0.76202,0.77589,0.7355,0.79963,0.66128,0.73892,0.69569,0.88367,365,0.000543363,0.000543363,0.000543363
371,10596.1,0.76245,0.66366,0.87273,0.74379,0.77242,0.77914,0.73463,0.79823,0.65915,0.73538,0.68706,0.88201,365,0.000542125,0.000542125,0.000542125
372,10617.6,0.78889,0.65318,0.86009,0.76559,0.75131,0.80439,0.70994,0.79764,0.6592,0.74368,0.70482,0.88341,365,0.000540887,0.000540887,0.000540887
373,10652.3,0.80014,0.66979,0.87251,0.79414,0.73716,0.783,0.74748,0.81356,0.66769,0.74653,0.68954,0.88465,365,0.00053965,0.00053965,0.00053965
374,10673.2,0.79508,0.67766,0.86961,0.7627,0.77232,0.78933,0.7398,0.81556,0.6688,0.75361,0.68595,0.88639,365,0.000538413,0.000538413,0.000538413
375,10694.7,0.81181,0.67597,0.87382,0.79706,0.72518,0.80852,0.70927,0.8029,0.65734,0.7665,0.70394,0.88918,365,0.000537175,0.000537175,0.000537175
376,10728.4,0.77039,0.64736,0.86888,0.76599,0.75094,0.78843,0.73146,0.80192,0.6586,0.74115,0.67783,0.88541,365,0.000535937,0.000535937,0.000535937
377,10761.1,0.75408,0.64582,0.86255,0.77854,0.75594,0.80544,0.72657,0.80618,0.66581,0.74141,0.67686,0.88372,365,0.0005347,0.0005347,0.0005347
378,10782.5,0.76357,0.64897,0.87313,0.78348,0.73046,0.79259,0.72051,0.7952,0.65341,0.73702,0.68806,0.88328,365,0.000533463,0.000533463,0.000533463
379,10804,0.77622,0.67183,0.87096,0.77116,0.75518,0.78065,0.74149,0.80692,0.66296,0.73796,0.67532,0.88208,365,0.000532225,0.000532225,0.000532225
380,10825.2,0.78883,0.66697,0.87941,0.74549,0.76138,0.78241,0.71759,0.7879,0.64934,0.73519,0.69028,0.88158,365,0.000530987,0.000530987,0.000530987
381,10846.5,0.79288,0.68987,0.87586,0.74401,0.74771,0.80226,0.69437,0.78326,0.64689,0.73726,0.69695,0.88211,365,0.00052975,0.00052975,0.00052975
382,10868.2,0.75728,0.69597,0.8662,0.76813,0.75377,0.78128,0.74343,0.79853,0.65893,0.73738,0.68704,0.88233,365,0.000528512,0.000528512,0.000528512
383,10903.7,0.74307,0.6354,0.85962,0.76555,0.7806,0.78831,0.75643,0.81838,0.676,0.73535,0.66125,0.88209,365,0.000527275,0.000527275,0.000527275
384,10925,0.76045,0.65939,0.86538,0.77815,0.76756,0.79466,0.75056,0.81926,0.67502,0.74206,0.66348,0.88396,365,0.000526038,0.000526038,0.000526038
385,10946.2,0.79136,0.68068,0.86915,0.76264,0.76257,0.8087,0.70967,0.80167,0.66307,0.73069,0.68148,0.88083,365,0.0005248,0.0005248,0.0005248
386,10984.1,0.7661,0.67137,0.86653,0.77304,0.74465,0.79905,0.71346,0.80179,0.66445,0.73837,0.68973,0.88392,365,0.000523563,0.000523563,0.000523563
387,11017.5,0.81046,0.67289,0.87623,0.78904,0.75404,0.79862,0.74362,0.81102,0.67087,0.72312,0.66781,0.87996,365,0.000522325,0.000522325,0.000522325
388,11039,0.7822,0.67002,0.87161,0.79565,0.74534,0.79019,0.75049,0.81299,0.67162,0.72746,0.68078,0.88115,365,0.000521088,0.000521088,0.000521088
389,11060.3,0.77267,0.66711,0.87148,0.7705,0.7684,0.78954,0.74707,0.80265,0.66297,0.72578,0.6777,0.87985,365,0.00051985,0.00051985,0.00051985
390,11124.4,0.77974,0.66146,0.86628,0.78443,0.76822,0.78908,0.76443,0.81481,0.67247,0.72574,0.66318,0.88056,365,0.000518612,0.000518612,0.000518612
391,11158.1,0.77133,0.63832,0.87378,0.77623,0.76312,0.79562,0.74244,0.81786,0.67649,0.73243,0.65863,0.88229,391,0.000517375,0.000517375,0.000517375
392,11179.3,0.76178,0.65892,0.86752,0.77934,0.75659,0.78524,0.75105,0.81238,0.67284,0.72491,0.67347,0.88027,391,0.000516138,0.000516138,0.000516138
393,11200.7,0.72778,0.64684,0.8561,0.78707,0.73805,0.80875,0.71552,0.80395,0.66572,0.73057,0.67521,0.88211,391,0.0005149,0.0005149,0.0005149
394,11222.3,0.76027,0.6528,0.86618,0.76343,0.76493,0.78604,0.74205,0.80614,0.6665,0.72561,0.67618,0.88078,391,0.000513663,0.000513663,0.000513663
395,11243.3,0.77583,0.66586,0.87582,0.7673,0.7576,0.79138,0.73316,0.80552,0.66426,0.73215,0.68353,0.88169,391,0.000512425,0.000512425,0.000512425
396,11264.8,0.79298,0.65311,0.87463,0.77845,0.76584,0.79378,0.74792,0.81176,0.67373,0.71691,0.65615,0.87917,391,0.000511188,0.000511188,0.000511188
397,11300.6,0.79131,0.647,0.88916,0.76245,0.74374,0.7971,0.70702,0.78844,0.65111,0.72804,0.68004,0.88125,391,0.00050995,0.00050995,0.00050995
398,11358.5,0.78588,0.648,0.87759,0.76482,0.77013,0.79628,0.73479,0.81076,0.67505,0.72706,0.67211,0.88056,391,0.000508712,0.000508712,0.000508712
399,11404.2,0.77107,0.65133,0.86723,0.80642,0.74666,0.80962,0.74509,0.80993,0.66999,0.73011,0.6556,0.8827,391,0.000507475,0.000507475,0.000507475
400,11468.2,0.76345,0.6625,0.86439,0.7898,0.76603,0.79883,0.75957,0.81411,0.67827,0.71704,0.66802,0.87889,400,0.000506237,0.000506237,0.000506237
401,11515.4,0.74602,0.63967,0.85835,0.77937,0.75948,0.78543,0.74898,0.81165,0.67416,0.72155,0.66902,0.87958,400,0.000505,0.000505,0.000505
402,11536.7,0.7482,0.63471,0.86401,0.77777,0.76871,0.78863,0.75538,0.82053,0.68164,0.72554,0.67354,0.87947,402,0.000503763,0.000503763,0.000503763
403,11558.5,0.7533,0.64665,0.86345,0.74769,0.72694,0.80258,0.6805,0.7791,0.64519,0.72481,0.69003,0.88003,402,0.000502525,0.000502525,0.000502525
404,11579.6,0.75168,0.6488,0.86609,0.76734,0.73799,0.79199,0.71352,0.79751,0.66037,0.73118,0.68523,0.88335,402,0.000501287,0.000501287,0.000501287
405,11601.2,0.81334,0.67457,0.87291,0.78353,0.74481,0.79034,0.73489,0.80596,0.65955,0.7398,0.67558,0.88317,402,0.00050005,0.00050005,0.00050005
406,11622.8,0.78932,0.6639,0.87543,0.76009,0.75575,0.79886,0.71171,0.79592,0.65839,0.72043,0.69081,0.87968,402,0.000498813,0.000498813,0.000498813
407,11643.9,0.7693,0.65781,0.87207,0.77196,0.76471,0.80014,0.73717,0.80713,0.67008,0.71281,0.66721,0.87816,402,0.000497575,0.000497575,0.000497575
408,11665.6,0.78709,0.67543,0.87206,0.7753,0.74441,0.79384,0.72512,0.80143,0.66242,0.72808,0.66806,0.88073,402,0.000496337,0.000496337,0.000496337
409,11714.3,0.77012,0.63563,0.86032,0.76544,0.73347,0.78971,0.70554,0.78933,0.65294,0.7232,0.67343,0.88028,402,0.0004951,0.0004951,0.0004951
410,11735.5,0.74952,0.63463,0.85777,0.7918,0.7329,0.7909,0.73459,0.80968,0.67264,0.71746,0.6685,0.87943,402,0.000493863,0.000493863,0.000493863
411,11757.2,0.78899,0.66358,0.87107,0.77726,0.7542,0.79982,0.73081,0.81348,0.67271,0.7275,0.67031,0.8811,402,0.000492625,0.000492625,0.000492625
412,11794.9,0.76709,0.63072,0.87098,0.78921,0.75534,0.80303,0.74018,0.81563,0.67644,0.7314,0.66689,0.88322,402,0.000491387,0.000491387,0.000491387
413,11815.9,0.80255,0.66774,0.873,0.80046,0.76134,0.81073,0.75208,0.82165,0.68232,0.73513,0.66582,0.88228,413,0.00049015,0.00049015,0.00049015
414,11837.7,0.77737,0.65106,0.86264,0.77701,0.74882,0.80206,0.72348,0.80504,0.66599,0.73194,0.68373,0.88195,413,0.000488913,0.000488913,0.000488913
415,11859.4,0.76313,0.65038,0.85926,0.78698,0.7642,0.7967,0.75185,0.8249,0.68832,0.71928,0.67423,0.87902,415,0.000487675,0.000487675,0.000487675
416,11880.8,0.77097,0.64956,0.86838,0.76936,0.76363,0.79705,0.72824,0.80099,0.66405,0.73037,0.68492,0.88201,415,0.000486437,0.000486437,0.000486437
417,11902.3,0.77415,0.64792,0.86376,0.76278,0.76713,0.79848,0.72157,0.80251,0.66556,0.73714,0.67886,0.88153,415,0.0004852,0.0004852,0.0004852
418,11923.9,0.76539,0.65399,0.86663,0.77621,0.76686,0.79138,0.74838,0.81902,0.68096,0.72667,0.67977,0.88042,415,0.000483963,0.000483963,0.000483963
419,11959.2,0.7353,0.63921,0.8629,0.76249,0.77025,0.78016,0.74856,0.80673,0.66971,0.72142,0.6729,0.87814,415,0.000482725,0.000482725,0.000482725
420,11980.6,0.73456,0.62572,0.85699,0.75599,0.78609,0.77867,0.75787,0.81777,0.6761,0.73663,0.68537,0.88141,415,0.000481487,0.000481487,0.000481487
421,12002.4,0.76112,0.64235,0.86086,0.77141,0.77386,0.79103,0.74797,0.8115,0.67495,0.72758,0.68336,0.88159,415,0.00048025,0.00048025,0.00048025
422,12036.2,0.76487,0.64433,0.85956,0.7655,0.75404,0.78881,0.72717,0.80002,0.66241,0.72543,0.67482,0.88032,415,0.000479013,0.000479013,0.000479013
423,12071,0.756,0.64984,0.86161,0.78623,0.74649,0.79069,0.7432,0.8128,0.66914,0.73128,0.66817,0.88109,415,0.000477775,0.000477775,0.000477775
424,12092.5,0.74885,0.62702,0.85675,0.78298,0.75801,0.80118,0.74133,0.81068,0.67199,0.72269,0.66574,0.87915,415,0.000476537,0.000476537,0.000476537
425,12140.1,0.73921,0.62874,0.86001,0.77966,0.74671,0.80262,0.72573,0.80511,0.66837,0.72599,0.67282,0.87931,415,0.0004753,0.0004753,0.0004753
426,12207.1,0.73354,0.64037,0.85946,0.76262,0.77953,0.77995,0.76095,0.82318,0.68217,0.72052,0.67581,0.8787,415,0.000474062,0.000474062,0.000474062
427,12228.6,0.77665,0.64639,0.86849,0.77303,0.77098,0.79099,0.75251,0.81588,0.67408,0.72532,0.66805,0.88067,415,0.000472825,0.000472825,0.000472825
428,12262.2,0.77523,0.63458,0.87981,0.79472,0.75565,0.81005,0.73965,0.81234,0.66928,0.73146,0.65951,0.88044,415,0.000471588,0.000471588,0.000471588
429,12283.5,0.77701,0.63438,0.87112,0.78129,0.76938,0.80019,0.7462,0.81371,0.67469,0.72193,0.66099,0.87863,415,0.00047035,0.00047035,0.00047035
430,12304.9,0.76242,0.64035,0.86063,0.77214,0.75476,0.78599,0.7403,0.80577,0.66138,0.72829,0.67306,0.8793,415,0.000469112,0.000469112,0.000469112
431,12325.9,0.77665,0.64301,0.86944,0.76448,0.76658,0.78442,0.74091,0.81258,0.67272,0.72143,0.67935,0.87878,415,0.000467875,0.000467875,0.000467875
432,12361.7,0.75907,0.63264,0.86714,0.78361,0.76038,0.79227,0.74954,0.81527,0.67582,0.73019,0.67056,0.88003,415,0.000466638,0.000466638,0.000466638
433,12383.4,0.73793,0.62249,0.85594,0.76031,0.77601,0.79392,0.73237,0.80856,0.67034,0.71667,0.66672,0.87799,415,0.0004654,0.0004654,0.0004654
434,12451.1,0.75225,0.62831,0.86161,0.76858,0.77441,0.80027,0.73787,0.81181,0.67189,0.7226,0.66037,0.87831,415,0.000464163,0.000464163,0.000464163
435,12487.2,0.77701,0.62696,0.87233,0.77805,0.77794,0.80579,0.74195,0.81788,0.67809,0.72816,0.6608,0.87949,415,0.000462925,0.000462925,0.000462925
436,12521.2,0.75444,0.62212,0.87378,0.78001,0.77078,0.80192,0.74778,0.81732,0.67761,0.71929,0.65329,0.87771,415,0.000461688,0.000461688,0.000461688
437,12554.2,0.77448,0.65275,0.8712,0.78252,0.76646,0.80429,0.7464,0.82245,0.68358,0.71841,0.66107,0.8779,415,0.00046045,0.00046045,0.00046045
438,12600.6,0.73759,0.61424,0.86586,0.78506,0.75236,0.78473,0.75254,0.81198,0.67514,0.72476,0.67687,0.87993,415,0.000459212,0.000459212,0.000459212
439,12622.1,0.74609,0.61601,0.8674,0.79411,0.75027,0.79719,0.74856,0.81663,0.67698,0.72245,0.6612,0.87894,415,0.000457975,0.000457975,0.000457975
440,12643.3,0.77651,0.64755,0.86311,0.74734,0.75915,0.79083,0.71095,0.7966,0.66082,0.71806,0.67478,0.87906,415,0.000456738,0.000456738,0.000456738
441,12664.8,0.73494,0.62126,0.85693,0.78161,0.75394,0.79219,0.74825,0.81346,0.67502,0.71591,0.65569,0.87831,415,0.0004555,0.0004555,0.0004555
442,12686.3,0.74342,0.63004,0.85797,0.78287,0.76115,0.79363,0.74952,0.81297,0.67436,0.72652,0.67172,0.88033,415,0.000454263,0.000454263,0.000454263
443,12739.6,0.7459,0.64705,0.86077,0.78644,0.74985,0.78098,0.75651,0.80894,0.66955,0.74074,0.68619,0.88264,415,0.000453025,0.000453025,0.000453025
444,12760.9,0.73803,0.62986,0.86241,0.7815,0.77027,0.79961,0.75304,0.81793,0.67959,0.72066,0.65847,0.87914,415,0.000451788,0.000451788,0.000451788
445,12782.4,0.73203,0.60722,0.85442,0.79748,0.7428,0.80037,0.73925,0.80939,0.67322,0.71637,0.66461,0.87795,415,0.00045055,0.00045055,0.00045055
446,12803.5,0.74152,0.63864,0.85955,0.77234,0.7658,0.79811,0.73562,0.8069,0.66984,0.72118,0.66883,0.87854,415,0.000449313,0.000449313,0.000449313
447,12839.5,0.75496,0.61939,0.86229,0.76794,0.74603,0.78591,0.72674,0.78789,0.65428,0.71462,0.67502,0.87764,415,0.000448075,0.000448075,0.000448075
448,12861.1,0.75654,0.63847,0.86713,0.75587,0.75956,0.7967,0.712,0.79119,0.65631,0.71862,0.65853,0.8781,415,0.000446838,0.000446838,0.000446838
449,12882.3,0.74283,0.62918,0.86593,0.77088,0.75996,0.77824,0.75361,0.81015,0.67519,0.71905,0.67095,0.87864,415,0.0004456,0.0004456,0.0004456
450,12903.9,0.7376,0.61955,0.8617,0.78232,0.76037,0.79395,0.74658,0.80929,0.67066,0.72616,0.66207,0.8806,415,0.000444363,0.000444363,0.000444363
451,12925.5,0.76498,0.63422,0.87773,0.78645,0.76612,0.80244,0.75032,0.81445,0.677,0.72243,0.66024,0.8787,415,0.000443125,0.000443125,0.000443125
452,13016.1,0.76295,0.63767,0.87175,0.76301,0.7737,0.78002,0.75336,0.80616,0.66577,0.7329,0.69085,0.88163,415,0.000441888,0.000441888,0.000441888
453,13037.4,0.74465,0.6351,0.86666,0.78057,0.75674,0.78707,0.74929,0.80575,0.66611,0.72775,0.67769,0.88082,415,0.00044065,0.00044065,0.00044065
454,13059.1,0.73173,0.62049,0.85627,0.77979,0.74435,0.77755,0.74598,0.80426,0.66714,0.72375,0.67242,0.87953,415,0.000439412,0.000439412,0.000439412
455,13080.2,0.74148,0.64114,0.85542,0.8036,0.72154,0.77803,0.7396,0.80045,0.66373,0.72457,0.66957,0.87919,415,0.000438175,0.000438175,0.000438175
456,13101.4,0.76714,0.6453,0.87222,0.76372,0.77133,0.76877,0.76428,0.81388,0.6747,0.72219,0.66781,0.87996,415,0.000436938,0.000436938,0.000436938
457,13123,0.7235,0.63995,0.85878,0.78434,0.76601,0.78485,0.7651,0.81906,0.67991,0.7134,0.65944,0.87698,415,0.0004357,0.0004357,0.0004357
458,13169.6,0.72455,0.64936,0.85695,0.79037,0.75221,0.80079,0.74466,0.80493,0.6689,0.71208,0.66168,0.87671,415,0.000434462,0.000434462,0.000434462
459,13190.9,0.74904,0.63235,0.85686,0.79198,0.75261,0.80925,0.73605,0.8091,0.67185,0.71235,0.65642,0.87755,415,0.000433225,0.000433225,0.000433225
460,13212.3,0.7527,0.60175,0.87609,0.77825,0.75616,0.80128,0.73197,0.80921,0.6728,0.71806,0.67134,0.87887,415,0.000431988,0.000431988,0.000431988
461,13233.6,0.74399,0.61392,0.86626,0.78259,0.76398,0.78283,0.76338,0.81946,0.68039,0.71768,0.67382,0.87885,415,0.00043075,0.00043075,0.00043075
462,13296.1,0.75943,0.62581,0.86712,0.7756,0.73268,0.78352,0.72345,0.78681,0.65172,0.71434,0.67801,0.87681,415,0.000429512,0.000429512,0.000429512
463,13317.5,0.79063,0.63384,0.87067,0.77435,0.7445,0.79973,0.72222,0.80408,0.66586,0.7214,0.66688,0.87833,415,0.000428275,0.000428275,0.000428275
464,13338.6,0.7577,0.6283,0.86507,0.76732,0.77312,0.79366,0.74469,0.81791,0.68019,0.72029,0.65785,0.87804,415,0.000427038,0.000427038,0.000427038
465,13403,0.71293,0.58929,0.84834,0.76313,0.76117,0.79825,0.72733,0.80744,0.66763,0.72674,0.66494,0.87997,415,0.0004258,0.0004258,0.0004258
466,13424.7,0.6988,0.5935,0.85311,0.80418,0.72856,0.80244,0.72926,0.80408,0.66654,0.71728,0.65839,0.87866,415,0.000424562,0.000424562,0.000424562
467,13463.5,0.71162,0.6007,0.85915,0.77869,0.76899,0.79484,0.75123,0.81692,0.67733,0.71786,0.65791,0.87846,415,0.000423325,0.000423325,0.000423325
468,13485,0.70058,0.61557,0.85657,0.77938,0.76174,0.78811,0.75128,0.81192,0.6748,0.72113,0.66016,0.87956,415,0.000422088,0.000422088,0.000422088
469,13520.4,0.72687,0.61982,0.85406,0.79499,0.76045,0.80564,0.75204,0.81546,0.67716,0.71545,0.65135,0.87875,415,0.00042085,0.00042085,0.00042085
470,13541.6,0.73621,0.60431,0.85408,0.78962,0.75256,0.79595,0.74846,0.81273,0.67465,0.72054,0.65447,0.87968,415,0.000419612,0.000419612,0.000419612
471,13563.1,0.74663,0.62159,0.86893,0.79416,0.74303,0.78717,0.75129,0.80969,0.66982,0.72332,0.66025,0.87885,415,0.000418375,0.000418375,0.000418375
472,13584.6,0.74122,0.61816,0.86639,0.78348,0.75574,0.79649,0.74499,0.81111,0.67386,0.71902,0.6575,0.87875,415,0.000417137,0.000417137,0.000417137
473,13642.5,0.76528,0.6232,0.8612,0.78098,0.74367,0.8027,0.73064,0.80453,0.66944,0.72191,0.66972,0.87941,415,0.0004159,0.0004159,0.0004159
474,13663.8,0.73918,0.61393,0.87527,0.76644,0.76978,0.79977,0.73304,0.80973,0.67293,0.72197,0.66852,0.87913,415,0.000414662,0.000414662,0.000414662
475,13712.3,0.7337,0.59815,0.85922,0.76547,0.75658,0.79214,0.73144,0.79476,0.66154,0.71332,0.66159,0.8785,415,0.000413425,0.000413425,0.000413425
476,13733.5,0.74488,0.61831,0.86309,0.77024,0.77808,0.78575,0.75641,0.81513,0.67778,0.72084,0.67549,0.87854,415,0.000412188,0.000412188,0.000412188
477,13755,0.73101,0.59236,0.85731,0.77076,0.75963,0.78532,0.74607,0.80705,0.67028,0.71502,0.66105,0.87787,415,0.00041095,0.00041095,0.00041095
478,13776.7,0.75747,0.61028,0.8664,0.79062,0.75679,0.78346,0.76636,0.82075,0.6787,0.71859,0.66592,0.87879,415,0.000409713,0.000409713,0.000409713
479,13810,0.73752,0.60019,0.85507,0.79669,0.75147,0.79715,0.7513,0.81511,0.67721,0.71361,0.6454,0.87772,415,0.000408475,0.000408475,0.000408475
480,13831.4,0.71267,0.57518,0.85517,0.79347,0.75248,0.79548,0.75053,0.81237,0.67306,0.72028,0.66514,0.88013,415,0.000407237,0.000407237,0.000407237
481,13853.2,0.72957,0.60142,0.85454,0.76602,0.76683,0.79345,0.74178,0.8106,0.67295,0.71756,0.66249,0.87907,415,0.000406,0.000406,0.000406
482,13874.5,0.74124,0.59523,0.87901,0.76542,0.77133,0.7886,0.74143,0.80929,0.66922,0.72435,0.67587,0.88028,415,0.000404763,0.000404763,0.000404763
483,13896.1,0.73578,0.60651,0.87136,0.78072,0.7414,0.80627,0.72141,0.79814,0.66488,0.71762,0.66779,0.87725,415,0.000403525,0.000403525,0.000403525
484,13917.6,0.75582,0.61512,0.86312,0.78926,0.75201,0.79917,0.74396,0.81105,0.67464,0.7153,0.65564,0.87769,415,0.000402288,0.000402288,0.000402288
485,13938.9,0.71699,0.58646,0.85843,0.78387,0.76118,0.80084,0.73679,0.80909,0.67398,0.71753,0.65358,0.87768,415,0.00040105,0.00040105,0.00040105
486,13971.8,0.72026,0.60015,0.85801,0.76943,0.75886,0.79552,0.72615,0.80563,0.66936,0.72793,0.67689,0.8801,415,0.000399813,0.000399813,0.000399813
487,13993.6,0.71432,0.60022,0.85841,0.78111,0.75849,0.79707,0.74203,0.80662,0.672,0.71798,0.65482,0.87819,415,0.000398575,0.000398575,0.000398575
488,14014.8,0.71304,0.60322,0.85657,0.76682,0.75323,0.80145,0.71553,0.80132,0.66442,0.72305,0.66243,0.87849,415,0.000397338,0.000397338,0.000397338
489,14036.4,0.74048,0.62245,0.86607,0.78851,0.76528,0.79003,0.76476,0.81835,0.67532,0.72184,0.64987,0.87854,415,0.0003961,0.0003961,0.0003961
490,14075.2,0.73441,0.60267,0.85397,0.80288,0.77071,0.78479,0.78376,0.83378,0.69528,0.71297,0.6472,0.87659,490,0.000394863,0.000394863,0.000394863
491,14096.7,0.70198,0.5852,0.85698,0.7751,0.76181,0.79661,0.73593,0.80864,0.67144,0.71559,0.65317,0.87796,490,0.000393625,0.000393625,0.000393625
492,14118.3,0.725,0.59012,0.86183,0.76459,0.77365,0.79511,0.73788,0.80583,0.66958,0.71888,0.67243,0.87896,490,0.000392388,0.000392388,0.000392388
493,14139.8,0.7062,0.57558,0.84748,0.77809,0.75054,0.80421,0.72679,0.81142,0.67257,0.72154,0.65742,0.8788,490,0.00039115,0.00039115,0.00039115
494,14185.1,0.71423,0.59468,0.85618,0.79707,0.74583,0.80373,0.74001,0.81577,0.67515,0.72135,0.6538,0.87858,490,0.000389913,0.000389913,0.000389913
495,14206.6,0.7191,0.58868,0.85933,0.77581,0.7416,0.79343,0.72065,0.79929,0.66263,0.72196,0.66802,0.87939,490,0.000388675,0.000388675,0.000388675
496,14228,0.70322,0.57949,0.85447,0.78768,0.7527,0.80018,0.73986,0.80823,0.66843,0.72161,0.66357,0.87864,490,0.000387437,0.000387437,0.000387437
497,14249.5,0.70458,0.59038,0.85519,0.78899,0.751,0.79911,0.74074,0.80346,0.66679,0.71571,0.65953,0.87735,490,0.0003862,0.0003862,0.0003862
498,14271.2,0.75047,0.60758,0.86081,0.78231,0.75778,0.79284,0.74902,0.80256,0.6668,0.71677,0.6546,0.87717,490,0.000384963,0.000384963,0.000384963
499,14292.8,0.74978,0.58629,0.85824,0.78649,0.74726,0.79615,0.74052,0.80135,0.66443,0.72059,0.65609,0.878,490,0.000383725,0.000383725,0.000383725
500,14314.1,0.73497,0.60709,0.86303,0.77997,0.74528,0.79106,0.73672,0.79954,0.66423,0.71947,0.66777,0.87788,490,0.000382487,0.000382487,0.000382487
501,14335.5,0.72371,0.59315,0.86611,0.76687,0.74429,0.77923,0.73049,0.79339,0.65787,0.71285,0.66384,0.87706,490,0.00038125,0.00038125,0.00038125
502,14357.2,0.74631,0.60316,0.86965,0.79071,0.74941,0.79235,0.74677,0.80384,0.66627,0.71318,0.65873,0.87657,490,0.000380013,0.000380013,0.000380013
503,14378.5,0.72003,0.61598,0.8606,0.7799,0.75342,0.79145,0.74265,0.80746,0.66674,0.72156,0.6686,0.87844,490,0.000378775,0.000378775,0.000378775
504,14400.1,0.67923,0.57287,0.8384,0.80773,0.75691,0.79955,0.76387,0.82017,0.68056,0.71498,0.65651,0.87669,490,0.000377537,0.000377537,0.000377537
505,14421.8,0.73154,0.59551,0.85303,0.78422,0.7826,0.7952,0.7728,0.82664,0.68402,0.72246,0.65704,0.87868,490,0.0003763,0.0003763,0.0003763
506,14457.9,0.72722,0.60321,0.86208,0.79935,0.76382,0.79723,0.76569,0.82116,0.68188,0.7207,0.65343,0.87793,490,0.000375063,0.000375063,0.000375063
507,14508.2,0.70552,0.58176,0.86262,0.78412,0.76757,0.79659,0.75741,0.81527,0.68162,0.71181,0.65608,0.87607,490,0.000373825,0.000373825,0.000373825
508,14529.7,0.76266,0.6004,0.87094,0.79265,0.74758,0.7919,0.74816,0.80838,0.67314,0.71221,0.66371,0.87661,490,0.000372587,0.000372587,0.000372587
509,14550.8,0.73054,0.58224,0.86503,0.76729,0.76177,0.80651,0.71324,0.80274,0.66714,0.71888,0.66499,0.8784,490,0.00037135,0.00037135,0.00037135
510,14582,0.75958,0.61466,0.86787,0.75701,0.76148,0.79344,0.71872,0.79976,0.66436,0.71599,0.66645,0.87845,490,0.000370113,0.000370113,0.000370113
511,14603.5,0.72285,0.60168,0.85778,0.77608,0.74165,0.78211,0.73623,0.79631,0.66069,0.71611,0.67431,0.87781,490,0.000368875,0.000368875,0.000368875
512,14657.7,0.70131,0.57155,0.85554,0.76096,0.78365,0.78557,0.75648,0.8156,0.67654,0.71826,0.66194,0.87815,490,0.000367637,0.000367637,0.000367637
513,14679.1,0.71853,0.57382,0.85707,0.79129,0.76183,0.79277,0.75837,0.82173,0.68293,0.71389,0.64236,0.87695,490,0.0003664,0.0003664,0.0003664
514,14700.7,0.74293,0.60097,0.86577,0.78515,0.76548,0.80481,0.74925,0.81709,0.67952,0.7131,0.65223,0.87718,490,0.000365162,0.000365162,0.000365162
515,14736.8,0.74857,0.59661,0.88094,0.78207,0.75837,0.79897,0.74238,0.80702,0.67258,0.71206,0.65588,0.87679,490,0.000363925,0.000363925,0.000363925
516,14758.4,0.73463,0.59776,0.86131,0.76761,0.75065,0.79469,0.7227,0.79892,0.66148,0.71676,0.66951,0.87824,490,0.000362687,0.000362687,0.000362687
517,14780.3,0.72932,0.58096,0.85759,0.77458,0.75532,0.79347,0.73273,0.7948,0.65773,0.72208,0.66712,0.87991,490,0.00036145,0.00036145,0.00036145
518,14812.1,0.75125,0.58826,0.86728,0.78708,0.75201,0.78963,0.74976,0.80215,0.66807,0.70875,0.66257,0.87626,490,0.000360213,0.000360213,0.000360213
519,14833.6,0.71973,0.57644,0.86286,0.78665,0.75887,0.79557,0.75009,0.80758,0.66917,0.71192,0.65379,0.87693,490,0.000358975,0.000358975,0.000358975
520,14855.3,0.76463,0.60273,0.86362,0.77467,0.76825,0.79457,0.74095,0.81231,0.67414,0.71837,0.66215,0.87903,490,0.000357737,0.000357737,0.000357737
521,14876.6,0.74238,0.59608,0.86487,0.78165,0.74959,0.79225,0.74216,0.80794,0.6722,0.72255,0.67571,0.87962,490,0.0003565,0.0003565,0.0003565
522,14928.7,0.72381,0.57293,0.85873,0.75944,0.77107,0.79421,0.73337,0.80567,0.66882,0.71747,0.6795,0.87818,490,0.000355263,0.000355263,0.000355263
523,14950.3,0.71918,0.5734,0.85235,0.76013,0.77929,0.78924,0.74557,0.8098,0.67492,0.70716,0.65937,0.87589,490,0.000354025,0.000354025,0.000354025
524,14998.7,0.72554,0.58918,0.85474,0.77378,0.77541,0.80491,0.74242,0.81642,0.67841,0.71906,0.65535,0.87789,490,0.000352787,0.000352787,0.000352787
525,15033.2,0.71929,0.58536,0.85308,0.76858,0.76656,0.79876,0.7324,0.80684,0.66864,0.71804,0.65724,0.87734,490,0.00035155,0.00035155,0.00035155
526,15071.1,0.702,0.56515,0.85259,0.75524,0.78048,0.8088,0.73013,0.81271,0.67478,0.7203,0.6607,0.87832,490,0.000350313,0.000350313,0.000350313
527,15122.2,0.6998,0.56189,0.84792,0.79021,0.76666,0.80868,0.74609,0.81756,0.67845,0.71962,0.6727,0.87823,490,0.000349075,0.000349075,0.000349075
528,15157.1,0.72777,0.57076,0.86784,0.76592,0.78685,0.79932,0.75215,0.81755,0.67858,0.71901,0.67109,0.87777,490,0.000347838,0.000347838,0.000347838
529,15191.9,0.71195,0.55194,0.85488,0.76761,0.78535,0.79627,0.74888,0.817,0.68034,0.7127,0.66797,0.87678,490,0.0003466,0.0003466,0.0003466
530,15213.2,0.70886,0.56869,0.84944,0.77251,0.76615,0.78908,0.7511,0.81461,0.67574,0.71586,0.65674,0.87793,490,0.000345362,0.000345362,0.000345362
531,15234.7,0.74743,0.58395,0.8704,0.79458,0.74472,0.79458,0.74472,0.81238,0.67414,0.71309,0.66253,0.87705,490,0.000344125,0.000344125,0.000344125
532,15256.8,0.71777,0.57129,0.84652,0.76059,0.7694,0.79095,0.73936,0.80878,0.66953,0.71725,0.67805,0.87799,490,0.000342888,0.000342888,0.000342888
533,15278.1,0.67098,0.54129,0.84667,0.75679,0.77857,0.79633,0.7366,0.81178,0.67546,0.71717,0.67019,0.87836,490,0.00034165,0.00034165,0.00034165
534,15299.7,0.67261,0.55515,0.84573,0.76025,0.74978,0.79165,0.7189,0.79879,0.66418,0.71637,0.66242,0.87815,490,0.000340413,0.000340413,0.000340413
535,15321.2,0.72277,0.5734,0.85309,0.77057,0.76753,0.78995,0.74168,0.81375,0.67592,0.71393,0.65251,0.87603,490,0.000339175,0.000339175,0.000339175
536,15342.5,0.71849,0.59663,0.85561,0.7864,0.76093,0.79264,0.75463,0.81413,0.67775,0.71029,0.65699,0.87547,490,0.000337938,0.000337938,0.000337938
537,15364.1,0.69393,0.56555,0.85974,0.76486,0.77304,0.78993,0.74149,0.81087,0.67564,0.7108,0.65645,0.87667,490,0.0003367,0.0003367,0.0003367
538,15397.1,0.7298,0.57514,0.85894,0.78112,0.76624,0.79086,0.75483,0.81529,0.67743,0.71288,0.65346,0.87748,490,0.000335463,0.000335463,0.000335463
539,15436,0.73602,0.59148,0.8715,0.79483,0.75475,0.79924,0.74827,0.8173,0.68058,0.71366,0.65573,0.87664,490,0.000334225,0.000334225,0.000334225
540,15473.8,0.72837,0.57187,0.85262,0.79109,0.76543,0.79721,0.75944,0.81825,0.68091,0.7115,0.65628,0.87645,490,0.000332988,0.000332988,0.000332988
541,15526.1,0.71559,0.56594,0.85573,0.77531,0.77438,0.79309,0.74939,0.81504,0.67527,0.71734,0.66643,0.87798,490,0.00033175,0.00033175,0.00033175
542,15547.1,0.71738,0.56449,0.85715,0.77059,0.77465,0.79397,0.74673,0.81385,0.67542,0.71505,0.65972,0.87693,490,0.000330512,0.000330512,0.000330512
543,15568.3,0.72292,0.57171,0.86318,0.74208,0.79338,0.79921,0.73546,0.81338,0.67442,0.71946,0.65642,0.87725,490,0.000329275,0.000329275,0.000329275
544,15589.8,0.72892,0.58167,0.85489,0.7747,0.7791,0.79742,0.75574,0.82342,0.68259,0.71777,0.66463,0.87726,490,0.000328038,0.000328038,0.000328038
545,15611,0.74056,0.58422,0.86565,0.78602,0.75111,0.80201,0.7348,0.81146,0.67367,0.71426,0.67824,0.87693,490,0.0003268,0.0003268,0.0003268
546,15632.5,0.73621,0.5929,0.86013,0.76631,0.77146,0.78586,0.75184,0.81448,0.67542,0.71476,0.6717,0.87675,490,0.000325563,0.000325563,0.000325563
547,15654.1,0.71072,0.57748,0.85095,0.76873,0.7716,0.78237,0.75427,0.81119,0.67003,0.71739,0.67251,0.87704,490,0.000324325,0.000324325,0.000324325
548,15675.3,0.70017,0.57265,0.84409,0.77275,0.76132,0.79185,0.74228,0.81156,0.67051,0.71439,0.66275,0.87645,490,0.000323088,0.000323088,0.000323088
549,15696.8,0.71229,0.58125,0.85242,0.76705,0.77395,0.78719,0.74937,0.81286,0.67399,0.71451,0.65244,0.87654,490,0.00032185,0.00032185,0.00032185
550,15718.5,0.72463,0.57664,0.85817,0.77693,0.76322,0.79832,0.74132,0.81453,0.67567,0.71834,0.6581,0.87732,490,0.000320612,0.000320612,0.000320612
551,15739.6,0.76164,0.58931,0.8716,0.80077,0.73192,0.80161,0.72982,0.80364,0.66618,0.71778,0.65161,0.87723,490,0.000319375,0.000319375,0.000319375
552,15761,0.71395,0.57108,0.85285,0.79894,0.74577,0.80109,0.7425,0.8088,0.67222,0.71177,0.6529,0.87653,490,0.000318138,0.000318138,0.000318138
553,15819.5,0.69112,0.56314,0.84981,0.7912,0.75088,0.79451,0.74734,0.81171,0.67467,0.70731,0.65053,0.87494,490,0.0003169,0.0003169,0.0003169
554,15840.6,0.69215,0.54722,0.85701,0.79416,0.75713,0.80642,0.74417,0.8163,0.68,0.71102,0.65706,0.87677,490,0.000315662,0.000315662,0.000315662
555,15879.5,0.71779,0.56509,0.86004,0.7837,0.76801,0.80447,0.74632,0.81697,0.68134,0.71235,0.65528,0.87736,490,0.000314425,0.000314425,0.000314425
556,15900.9,0.70823,0.55351,0.85152,0.76881,0.78049,0.80157,0.73822,0.81108,0.67394,0.71569,0.65959,0.87804,490,0.000313187,0.000313187,0.000313187
557,15938.2,0.71096,0.56308,0.85802,0.76861,0.77314,0.80636,0.72601,0.80984,0.67378,0.71218,0.66176,0.87723,490,0.00031195,0.00031195,0.00031195
558,15959.8,0.71194,0.57168,0.85249,0.76484,0.76979,0.80344,0.72953,0.80736,0.66979,0.71661,0.65694,0.8782,490,0.000310712,0.000310712,0.000310712
559,15996.4,0.69712,0.56803,0.84507,0.77958,0.74097,0.80292,0.71926,0.79868,0.66407,0.71587,0.66118,0.87767,490,0.000309475,0.000309475,0.000309475
560,16032.9,0.69051,0.56279,0.85443,0.76941,0.75984,0.80626,0.71815,0.8027,0.67018,0.70811,0.66847,0.87599,490,0.000308238,0.000308238,0.000308238
561,16054.5,0.73207,0.58933,0.86316,0.76035,0.76989,0.79671,0.72608,0.80431,0.66892,0.71219,0.6678,0.87698,490,0.000307,0.000307,0.000307
562,16076.3,0.68076,0.55222,0.84513,0.76473,0.75765,0.80408,0.72462,0.80644,0.67122,0.70998,0.66729,0.87623,490,0.000305763,0.000305763,0.000305763
563,16109.1,0.71578,0.55199,0.85933,0.78941,0.74085,0.80509,0.72677,0.80519,0.67108,0.70883,0.6602,0.87567,490,0.000304525,0.000304525,0.000304525
564,16149.2,0.73078,0.57633,0.85874,0.76974,0.77136,0.80122,0.73853,0.81429,0.67771,0.71252,0.66233,0.87638,490,0.000303288,0.000303288,0.000303288
565,16186.6,0.70143,0.55326,0.84435,0.79142,0.74443,0.8083,0.72929,0.80953,0.6718,0.72061,0.66919,0.87821,490,0.00030205,0.00030205,0.00030205
566,16207.7,0.69254,0.55527,0.85713,0.77017,0.77923,0.802,0.73928,0.81442,0.6789,0.71047,0.65678,0.87674,490,0.000300812,0.000300812,0.000300812
567,16229.3,0.68517,0.55251,0.84437,0.78057,0.76575,0.79792,0.74518,0.81763,0.68183,0.71066,0.65338,0.87664,490,0.000299575,0.000299575,0.000299575
568,16251,0.70553,0.56429,0.85501,0.78058,0.76132,0.79949,0.73764,0.81359,0.67778,0.71452,0.6574,0.87678,490,0.000298338,0.000298338,0.000298338
569,16289.4,0.68068,0.54471,0.84181,0.79643,0.74826,0.79705,0.74795,0.81647,0.68165,0.71124,0.66178,0.87652,490,0.0002971,0.0002971,0.0002971
570,16310.8,0.71152,0.56213,0.85571,0.77992,0.753,0.79191,0.74058,0.80984,0.67373,0.71204,0.66695,0.87706,490,0.000295862,0.000295862,0.000295862
571,16332.3,0.69619,0.55407,0.86033,0.77723,0.76896,0.79797,0.74376,0.81564,0.68008,0.70763,0.66301,0.8755,490,0.000294625,0.000294625,0.000294625
572,16353.4,0.70141,0.5619,0.85046,0.78849,0.76891,0.80819,0.74883,0.82132,0.68175,0.71255,0.64658,0.87606,490,0.000293388,0.000293388,0.000293388
573,16391,0.73005,0.5563,0.86432,0.80281,0.74692,0.80391,0.74618,0.81605,0.67958,0.71107,0.65312,0.87586,490,0.00029215,0.00029215,0.00029215
574,16412.7,0.72516,0.55934,0.85192,0.80149,0.74186,0.80855,0.73429,0.81166,0.67599,0.70959,0.64893,0.87542,490,0.000290912,0.000290912,0.000290912
575,16454.6,0.70835,0.55886,0.85938,0.77824,0.7701,0.81641,0.73467,0.81738,0.67984,0.71002,0.64288,0.87566,490,0.000289675,0.000289675,0.000289675
576,16476.1,0.68611,0.55632,0.85405,0.78287,0.76178,0.79467,0.74905,0.81424,0.67972,0.71158,0.65345,0.87613,490,0.000288438,0.000288438,0.000288438
577,16497.7,0.68214,0.53762,0.84887,0.78282,0.76532,0.79564,0.7486,0.811,0.67646,0.71323,0.65861,0.87722,490,0.0002872,0.0002872,0.0002872
578,16519.2,0.6925,0.54843,0.84485,0.77936,0.7728,0.80189,0.75007,0.81579,0.67946,0.71613,0.65378,0.87855,490,0.000285963,0.000285963,0.000285963
579,16540.8,0.67754,0.53069,0.85084,0.76695,0.77,0.80037,0.73017,0.80602,0.6705,0.71611,0.66645,0.87802,490,0.000284725,0.000284725,0.000284725
580,16562.7,0.71361,0.55363,0.8536,0.77958,0.75874,0.80126,0.73279,0.80826,0.6746,0.71262,0.66069,0.8767,490,0.000283488,0.000283488,0.000283488
581,16641.4,0.71079,0.55704,0.85012,0.80765,0.73782,0.80809,0.73721,0.81542,0.67755,0.71784,0.64967,0.87777,490,0.00028225,0.00028225,0.00028225
582,16678.9,0.69337,0.5422,0.85129,0.79544,0.75791,0.80755,0.74336,0.81648,0.67688,0.71547,0.65443,0.87724,490,0.000281013,0.000281013,0.000281013
583,16700.4,0.69306,0.54496,0.85192,0.78338,0.75898,0.80164,0.73605,0.81179,0.67516,0.71297,0.67082,0.87688,490,0.000279775,0.000279775,0.000279775
584,16735.6,0.69772,0.54234,0.84809,0.78008,0.75822,0.79836,0.73719,0.808,0.6707,0.71407,0.65674,0.87735,490,0.000278537,0.000278537,0.000278537
585,16757,0.69203,0.54174,0.84994,0.75826,0.77755,0.80242,0.72622,0.8074,0.67087,0.71129,0.65867,0.87654,490,0.0002773,0.0002773,0.0002773
586,16778.5,0.69097,0.54243,0.84546,0.78633,0.76369,0.80524,0.74537,0.81027,0.67446,0.71233,0.65647,0.87656,490,0.000276063,0.000276063,0.000276063
587,16799.7,0.69706,0.54545,0.85017,0.80792,0.75872,0.79646,0.76495,0.81628,0.67945,0.71102,0.64364,0.87598,490,0.000274825,0.000274825,0.000274825
588,16821,0.6975,0.54928,0.84211,0.79846,0.76066,0.80211,0.75517,0.81456,0.67941,0.70823,0.64752,0.87585,490,0.000273588,0.000273588,0.000273588
589,16842.5,0.69834,0.54424,0.8588,0.79145,0.76549,0.80314,0.75817,0.81811,0.68476,0.70471,0.64303,0.87506,490,0.00027235,0.00027235,0.00027235
590,16863.5,0.72966,0.54844,0.85609,0.78431,0.76723,0.79326,0.75827,0.81858,0.68567,0.7091,0.64588,0.87599,490,0.000271113,0.000271113,0.000271113
